cohort,model,variant,n_features,splitter,resample,window_n_mean,window_n_sd,window_prevalence_mean,window_prevalence_sd,window_accuracy_mean,window_accuracy_sd,window_balanced_accuracy_mean,window_balanced_accuracy_sd,window_macro_f1_mean,window_macro_f1_sd,window_mcc_mean,window_mcc_sd,window_auroc_mean,window_auroc_sd,window_auprc_mean,window_auprc_sd,window_brier_mean,window_brier_sd,window_calibration_slope_mean,window_calibration_slope_sd,window_calibration_intercept_mean,window_calibration_intercept_sd,window_ece_mean,window_ece_sd,subject_n_mean,subject_n_sd,subject_prevalence_mean,subject_prevalence_sd,subject_accuracy_mean,subject_accuracy_sd,subject_balanced_accuracy_mean,subject_balanced_accuracy_sd,subject_macro_f1_mean,subject_macro_f1_sd,subject_mcc_mean,subject_mcc_sd,subject_auroc_mean,subject_auroc_sd,subject_auprc_mean,subject_auprc_sd,subject_brier_mean,subject_brier_sd,subject_calibration_slope_mean,subject_calibration_slope_sd,subject_calibration_intercept_mean,subject_calibration_intercept_sd,subject_ece_mean,subject_ece_sd,n_subjects_mean,n_subjects_sd,window_auroc_est,window_auroc_ci_lo,window_auroc_ci_hi,subject_auroc_est,subject_auroc_ci_lo,subject_auroc_ci_hi,window_accuracy_est,window_accuracy_ci_lo,window_accuracy_ci_hi,subject_accuracy_est,subject_accuracy_ci_lo,subject_accuracy_ci_hi,window_macro_f1_est,window_macro_f1_ci_lo,window_macro_f1_ci_hi,subject_macro_f1_est,subject_macro_f1_ci_lo,subject_macro_f1_ci_hi,window_brier_est,window_brier_ci_lo,window_brier_ci_hi,subject_brier_est,subject_brier_ci_lo,subject_brier_ci_hi,window_calibration_slope_est,window_calibration_slope_ci_lo,window_calibration_slope_ci_hi,subject_calibration_slope_est,subject_calibration_slope_ci_lo,subject_calibration_slope_ci_hi,window_calibration_intercept_est,window_calibration_intercept_ci_lo,window_calibration_intercept_ci_hi,subject_calibration_intercept_est,subject_calibration_intercept_ci_lo,subject_calibration_intercept_ci_hi,window_ece_est,window_ece_ci_lo,window_ece_ci_hi,subject_ece_est,subject_ece_ci_lo,subject_ece_ci_hi
depresjon,logreg,all_features,28,subject_wise,none,1034.0,0.0,0.3471953578336557,0.0,0.7193423597678917,0.01044756036812877,0.7172272774166923,0.009270475325381932,0.7042272651713867,0.010018921648889066,0.41826970533747493,0.018629511421009857,0.7752699886516042,0.003959202692150298,0.61583810602107,0.009808905466499663,0.19236548011467286,0.0030271477812603828,0.5695008963129011,0.03796707235153081,-0.5818523009851532,0.05367911742116759,0.10721257662937529,0.006134620703204719,55.0,0.0,0.41818181818181815,0.0,0.8181818181818181,0.03401506715249033,0.820516304347826,0.03933594039648962,0.8151389248676579,0.035689332147250195,0.6354715537604114,0.07551905011843064,0.8964673913043478,0.011899257633593093,0.8870082308563674,0.02304734418960805,0.14925997209809663,0.002870354665693044,2.278571754474627,0.21600799453111177,-0.3063121670221629,0.04343911908035863,0.1650755728250731,0.033748215758949256,55.0,0.0,0.7847601361807489,0.6942167519245067,0.8525902896684091,0.9021739130434783,0.82618936340379,0.9587018582165937,0.7205029013539652,0.6516357736082472,0.7793948737256151,0.8181818181818182,0.7385674400527628,0.8888888888888888,0.7055515648848568,0.6325080446872555,0.7661916291627721,0.8166666666666667,0.7365005520693081,0.8948652143285326,0.18676212155413607,0.1551640944805515,0.22537912400345367,0.14708660469190038,0.1253530989308163,0.17220621486357265,0.7088230422620947,0.4381597599956058,0.9995611694575478,2.549659821048448,1.8336862666988816,4.106405630053848,-0.5612755432263472,-1.2150275423569534,0.1673817315866239,-0.30281485887093296,-0.7082781407946784,0.04398496860779855,0.10348669664501448,0.049849359057348996,0.18018265256785843,0.14560178702010665,0.11352068522017483,0.16238425833343736
depresjon,logreg,drop_distributional,16,subject_wise,none,1034.0,0.0,0.3471953578336557,0.0,0.7063829787234042,0.007992631919301505,0.7011723924481585,0.005740163604660699,0.6897608591931356,0.006926195055609093,0.38804568413918966,0.011942469229446194,0.7539903022799959,0.009391737413572916,0.6058605225797287,0.009634978212203209,0.20099971011225146,0.004697831242953106,0.6039128038861747,0.03178309280582132,-0.6058949606039569,0.027141512483606606,0.12103975222274162,0.0069285276799906535,55.0,0.0,0.41818181818181815,0.0,0.8436363636363637,0.020730462274529755,0.8460597826086957,0.018546320074435303,0.841202616972469,0.020410335787044005,0.6858854163781551,0.038282460671269225,0.8793478260869566,0.004444409574401094,0.8769854010528387,0.005574027515626235,0.16094865925532897,0.003206722587923267,2.253608181557434,0.049467675365007166,-0.32107296939538965,0.023438649777152654,0.22764209460180435,0.024508523029189273,55.0,0.0,0.7582626637779842,0.649110744292488,0.8370410717326144,0.8899456521739131,0.8069800623464587,0.9625,0.7079303675048356,0.6338234248207019,0.7618668973046597,0.8363636363636363,0.7631578947368421,0.9117647058823529,0.6904068845177664,0.6159929548773851,0.7476482693121413,0.8343927735028438,0.7592320731029175,0.9110723626852659,0.19814116539950935,0.1665839770151668,0.24206905238997342,0.16019010752552787,0.1357686110149277,0.18655813571485497,0.6941770010840226,0.282850204912538,1.058334610962887,2.3247639124178856,1.544636722569764,4.519929266520466,-0.5964988233967653,-1.2538125857281235,0.1170541693552114,-0.32008214442086685,-0.7007805401936719,0.05035190945560715,0.11905648951693555,0.05273977633976792,0.19484248461001846,0.24138655274665446,0.17894880234551702,0.2972123115681773
depresjon,logreg,only_distributional,12,subject_wise,none,1034.0,0.0,0.3471953578336557,0.0,0.6965183752417794,0.014383746570660143,0.6983113587124729,0.017693387797201594,0.6828050012106577,0.015669370817943055,0.3799543016295985,0.03337781113245136,0.7489000309501702,0.008296086064221594,0.5907373748557034,0.013353371938935814,0.2032135184389389,0.00195201454949501,0.7147431578064556,0.02282069738274756,-0.591474800848778,0.039294231652296424,0.12388425584189384,0.007488922972104531,55.0,0.0,0.41818181818181815,0.0,0.7381818181818183,0.027574092523823826,0.7358695652173912,0.026035069265125572,0.7333491204451368,0.027114276680893296,0.46846441408724687,0.05344986212383144,0.8336956521739131,0.008517623923183386,0.8424014110776878,0.014057311308487041,0.1784628330582686,0.0015911674760434812,2.1007898583628215,0.09309459272434288,-0.33529319471681795,0.034258732631301664,0.1654755062020113,0.02048457600953259,55.0,0.0,0.7552666873001135,0.6524798011168383,0.8362046983699897,0.8383152173913044,0.7480632074335399,0.9183158116382123,0.7040618955512572,0.6283545122109873,0.7670918986425889,0.7272727272727273,0.6388888888888888,0.8096146227762355,0.6897610680555991,0.6129549060311812,0.7574146168532243,0.7213779128672746,0.637975677017292,0.8124755070769546,0.20006746537356665,0.17065991573704709,0.23640470499166158,0.17683849812962488,0.15332173097356058,0.20028710877402084,0.7928577436285795,0.36532305174459934,1.2197548745082587,2.2664301343597035,1.5960690875320618,3.3053128113869437,-0.582422391560851,-1.1717628147145125,0.04272423156467735,-0.33290973251090794,-0.7415943628037812,0.0344541594854785,0.11498091726980132,0.06016883406670876,0.18823995144867203,0.16848816358808344,0.09880909234931932,0.20437298418628716
depresjon,logreg,drop_day_night,24,subject_wise,none,1034.0,0.0,0.3471953578336557,0.0,0.7203094777562862,0.008633931961572788,0.719272051996286,0.01163734809326081,0.7055834435273616,0.009810551227986651,0.4218368166072888,0.021477297044115193,0.7701735272877335,0.003901485427559777,0.6231562826158218,0.014662092582560187,0.19327805992967068,0.0028814874948103236,0.6375197540125181,0.020189656624921948,-0.5839678436028076,0.059260573560649024,0.11569977110022442,0.008595887280986468,55.0,0.0,0.41818181818181815,0.0,0.7963636363636365,0.029875775863918163,0.7944293478260869,0.03312682789121556,0.7920363406495758,0.03150359023250984,0.5851801444102113,0.06385822530707481,0.8864130434782609,0.017121721741329775,0.8860447967127388,0.02239808875703002,0.15487543321386035,0.003638978773313623,2.2949594203519674,0.22905346992640627,-0.313268278331115,0.04651866640607884,0.17844573633411326,0.02163866461388842,55.0,0.0,0.7813514907665327,0.6866687523897111,0.8495349330980406,0.8926630434782609,0.8110866856405939,0.9523809523809524,0.7253384912959381,0.6537268696077967,0.781974712315341,0.7636363636363637,0.6764705882352942,0.8484848484848485,0.7099728200752189,0.6378769030762541,0.7707765105629011,0.7585275244849713,0.6654568767020494,0.8435972629521017,0.18785336365415867,0.1569332893496189,0.2277026501754317,0.15226066049286868,0.1299111790758515,0.17732314748225617,0.7422524023842141,0.41079789514313286,1.0529664507157057,2.605763809866565,1.8349519288285157,4.303276449770625,-0.5658403139153725,-1.2176512573666844,0.11763196119627412,-0.30951997948936905,-0.6984687069095932,0.03422403471212259,0.10836263726436399,0.04844314759453008,0.1786713398444823,0.1760115079692107,0.1156347906277422,0.21410438935191287
depresjon,logreg,only_day_night,4,subject_wise,none,1034.0,0.0,0.3471953578336557,0.0,0.5121856866537717,0.022542356501677477,0.524916537707624,0.02624681409777067,0.5049898715442825,0.023188992877439495,0.04764267462612739,0.050098431985384294,0.47784751882802023,0.02937941652827495,0.306161404396892,0.011618871893861458,0.25894778003469343,0.0063463605333384686,-0.07067277072236312,0.19765546928951191,-0.6359057129566406,0.015145951253195615,0.1524372745457884,0.007502565542397492,55.0,0.0,0.41818181818181815,0.0,0.5672727272727273,0.0708857770531561,0.5669836956521739,0.07359347124925639,0.5624034525024604,0.07145977322253297,0.13290715171920306,0.1456045029146692,0.5684782608695652,0.07040744613442546,0.4703982878978114,0.04529118741431592,0.24571014413710152,0.005658224148735807,1.226674788953408,1.3316069564455961,-0.29470882917455554,0.013717991590840965,0.09086336520672575,0.014621641399429213,55.0,0.0,0.4579758588672238,0.35795021363343493,0.5414504111635026,0.5774456521739131,0.4630902001650854,0.6986296568591515,0.5067698259187621,0.41660146402391723,0.5864885012764882,0.6181818181818182,0.5273678768403463,0.7213737993014904,0.5028339989365433,0.41710267860756783,0.5861751402531488,0.6161515453639083,0.5181091572916156,0.7215994638157166,0.25738092465054924,0.24693509794770133,0.27231940223822426,0.24522049847038535,0.23672701522746417,0.25229940442142706,-0.0685851708189474,-1.0143948719652904,0.6238338164128405,1.610133495650976,-0.8210977636874296,4.737869420660846,-0.6316688530905236,-1.2489236110848865,-0.040665831204236676,-0.2941526929484434,-0.7225149038583151,0.09896590445254934,0.14859765425766802,0.052028127954533585,0.26969977543067614,0.08597318502733352,0.008937681238563299,0.1442596272109586
depresjon,logreg,drop_circadian,22,subject_wise,none,1034.0,0.0,0.3471953578336557,0.0,0.7247582205029014,0.007256607923521862,0.7241138966264314,0.008639510419300625,0.7102802870738578,0.007774907446261729,0.4311367746883626,0.016299047292624023,0.7875386361291653,0.004754896363462048,0.6467452414445523,0.011369635265840764,0.18565862894857665,0.002018807071263172,0.6547772168238825,0.043076188228994956,-0.5808840835494319,0.03835482028158705,0.10660745887249781,0.006288122736687268,55.0,0.0,0.41818181818181815,0.0,0.8145454545454547,0.02696799449852965,0.8186141304347825,0.03125000000000003,0.812012741045011,0.028096002083199727,0.6308067745548611,0.06033641776186283,0.90625,0.007864019635047702,0.9024332621096163,0.0074241420913294855,0.1461871377884201,0.001710143147793168,2.5041461008689123,0.17963116982574426,-0.3199055351279903,0.03491369665004359,0.16247640255921755,0.01792487001842953,55.0,0.0,0.7966821417517796,0.7084515342584682,0.8634836873999088,0.90625,0.8342863682376674,0.9624980672984771,0.7263056092843327,0.6575499963336526,0.7875092347723884,0.8,0.7105263157894737,0.8685642505410871,0.7119280957279766,0.6344416827142787,0.7745842577212099,0.7975911676145868,0.7092216643418855,0.8786398104990644,0.18123135846260435,0.15025261171335746,0.21965213253395452,0.1446026024624531,0.1227906357356595,0.16917512764175455,0.7848974133354576,0.4713589111730368,1.0968071328800435,2.72110019092731,2.0046308065471465,4.52607470369109,-0.5653424140038413,-1.194675961560668,0.1253586837236143,-0.3172886693297735,-0.7181776507843581,0.03134645885441025,0.10269446266232499,0.044766078380557676,0.17613313160752136,0.16717827078791164,0.10037532249117517,0.2148593679640285
depresjon,logreg,only_circadian,6,subject_wise,none,1034.0,0.0,0.3471953578336557,0.0,0.6104448742746614,0.009005109746216464,0.6193450943980192,0.010366410073799232,0.6001803156216672,0.009399005315354904,0.22730158258923927,0.019734406163661112,0.6386320024760136,0.009798322599612296,0.44652916045451035,0.013136801339684962,0.24048630164507326,0.0036315571678364523,0.5235120752151737,0.10250016396955755,-0.6290091041722174,0.015831330660087056,0.15390728718012042,0.004201140681990418,55.0,0.0,0.41818181818181815,0.0,0.7345454545454546,0.016262312563634838,0.7400815217391303,0.013195795988937673,0.7323950903201522,0.015373967724674491,0.4742692156230503,0.02599261736309762,0.7845108695652174,0.01550937845122398,0.7688781855264814,0.0459403662636225,0.22292375957023433,0.0029454585976655128,2.354830006637589,0.22364444894264632,-0.32599872225508797,0.01335330174620226,0.2149015056578944,0.014520649404094465,55.0,0.0,0.6402558547405344,0.5331480465411014,0.7219081562402605,0.782608695652174,0.6724432437321007,0.8779576229233096,0.6073500967117988,0.5418173450312223,0.6629934909397387,0.6909090909090909,0.6111111111111112,0.7837837837837838,0.5964416451335055,0.5383811817054861,0.6593409687069538,0.6892655367231638,0.609907120743034,0.788183816939237,0.2389059264058598,0.21774932118511064,0.26789217787691805,0.22249672584960464,0.20557015172974663,0.23934857004098672,0.5914019116693428,0.00359496511649662,1.1337869264049183,2.4786279010920222,0.8551244150063599,5.610681338966382,-0.6246128666942607,-1.208838714038271,0.0031990779136666474,-0.32543735580723815,-0.7259184877811802,0.04395238458787103,0.15196620985188067,0.06541008733818436,0.23989193362849057,0.1963099843809982,0.12607287501626616,0.2680932923681327
depresjon,logreg,drop_temporal_spectral,22,subject_wise,none,1034.0,0.0,0.3471953578336557,0.0,0.709284332688588,0.0054106772652608975,0.712914061694006,0.005203371443601247,0.6963856546206812,0.005163080821441269,0.40782409909515793,0.009954198982621922,0.7631878675332714,0.0052663042235133834,0.5844367118730254,0.009022367450894582,0.19731197581080392,0.0029502062032566155,0.6072292307427768,0.044148496460922275,-0.5753310592219998,0.04966263806654191,0.10814339909065762,0.007332719158638731,55.0,0.0,0.41818181818181815,0.0,0.7745454545454546,0.016262312563634838,0.7744565217391304,0.01859229916223374,0.7707323169524944,0.0171341949300224,0.5439956327182955,0.03558846432031375,0.8899456521739129,0.008152173913043497,0.8725056449051906,0.024790169154100847,0.158073632270663,0.002688383152268113,2.5340652339308583,0.28442107688457263,-0.29831587436766355,0.042006217083117144,0.1781517522700064,0.02270762888820308,55.0,0.0,0.7705189311874548,0.6777178392110228,0.8398671433114648,0.8899456521739131,0.8106960042586693,0.951557698984758,0.706963249516441,0.6294759240129053,0.7637907823335724,0.7818181818181819,0.7058823529411765,0.8571428571428571,0.6934623659701369,0.6169503896224562,0.7583417898313328,0.7782258064516129,0.6963367117499165,0.8566672618391908,0.19299256820428384,0.16088466563863396,0.23099931679262437,0.15638856086308012,0.1346510341018321,0.17845761656752884,0.7319097808013209,0.4055388731165412,1.0240169410013016,2.7871814434711233,1.9175618891644184,4.615656540629882,-0.5607552181138862,-1.2055147341245347,0.12452527514334774,-0.29572229277341777,-0.7092956995672637,0.05037013290732421,0.101979262004773,0.04017196531254289,0.18138331949017336,0.15757129321286986,0.0999263508507575,0.2013881056472001
depresjon,logreg,only_temporal_spectral,6,subject_wise,none,1034.0,0.0,0.3471953578336557,0.0,0.6806576402321085,0.006852220341941335,0.6935962034457855,0.006497405174991161,0.6711938974305001,0.006664500025263815,0.368897659078,0.012459339820871272,0.7393504590941917,0.0032933209224568147,0.6518784670606583,0.008196389713361896,0.21232993725424487,0.0013640530527210318,0.82960727429836,0.034397266951095386,-0.6272835755626927,0.009907993631935712,0.17960950230748926,0.007038187141020334,55.0,0.0,0.41818181818181815,0.0,0.8036363636363637,0.026967994498529657,0.8129076086956522,0.023175620272173944,0.8024511781080689,0.026353529263498317,0.6180989870425124,0.04519798198259035,0.8747282608695652,0.00364576300679311,0.9068304348626295,0.003705686828163798,0.19246244666246193,0.00060354469138809,2.2546068195285285,0.07170558418004712,-0.3851934764343039,0.01044524296287035,0.2889436719751258,0.012153802895202565,55.0,0.0,0.740220777880945,0.5514874769449853,0.8292093601992785,0.8736413043478259,0.774526773781784,0.9671180146038943,0.688588007736944,0.6073349472908712,0.7496788866112682,0.8545454545454545,0.7837837837837838,0.9220571724743939,0.6788559699678614,0.5910353936545597,0.7403863265685325,0.8521505376344086,0.7810179840064955,0.936616246999926,0.2114875308087235,0.1855038847682695,0.26516375753458965,0.19213464922047244,0.16802105304976103,0.22186670762242508,0.8530686823095011,0.06833688961831635,1.592886030579371,2.2880361023275038,0.8609652000485852,6.5684642575920265,-0.6248269896670017,-1.1862986044978432,-0.012679210931909761,-0.38463183908251597,-0.7731320068751204,-0.0023443644780337977,0.17779564502760492,0.10370772749073977,0.24892677143675818,0.2914063871055209,0.23354898546138597,0.33617266551062647
depresjon,logreg,all_features+smote_in_fold,28,subject_wise,smote,1034.0,0.0,0.3471953578336557,0.0,0.7187620889748549,0.011307425070068865,0.7137835551428866,0.010193231953260627,0.702413291591168,0.010901909459453204,0.4127503136548535,0.020571757244450584,0.7745725781491799,0.0036389739621803855,0.6123803396899424,0.012893496932773887,0.19322815250549466,0.0035539392457656694,0.534019528349035,0.04562457262813858,-0.5597641574070329,0.07707773958285026,0.10626309262341013,0.007559422608237672,55.0,0.0,0.41818181818181815,0.0,0.8,0.02874797872880342,0.7999999999999999,0.03210448613342539,0.7961702773934507,0.029955071018971633,0.596150783295013,0.06192670958280276,0.8953804347826088,0.01021283721356855,0.8812771129284975,0.024861672826071088,0.14796487190082275,0.0034784880897847916,2.143619635495284,0.1875404370368728,-0.28051497756669463,0.05746749191028659,0.1464507149384175,0.024145288517238954,55.0,0.0,0.7864974724027649,0.6968669900034661,0.8518958483487014,0.8994565217391304,0.8215742243603824,0.9543789077536068,0.7243713733075435,0.6559653108769582,0.784398089291354,0.7818181818181819,0.6944444444444444,0.8595182901971594,0.7079764668809104,0.6348088102800697,0.7688794495574893,0.7782258064516129,0.6846846846846847,0.8545951332506786,0.18618288578935369,0.1543224542712275,0.22603303116749832,0.1452055953197653,0.12256629491094691,0.1708829156484999,0.6811107314934135,0.4284553375749235,0.9343177026058926,2.470498730273387,1.7886411217716285,3.88886951990096,-0.534115932939221,-1.211750869193271,0.19307386843875515,-0.27650437056862015,-0.6840056027437038,0.07664866511842527,0.09742688596461346,0.04174036095279193,0.15815054139732718,0.13366549852695056,0.09159355246057115,0.15968969581032968
depresjon,logreg,all_features+loso,28,loso,none,1034.0,0.0,0.3471953578336557,0.0,0.718568665377176,0.0,0.7153306509852471,0.0,0.7029636115764566,0.0,0.4149299412985182,0.0,0.7730444650778913,0.0,0.6462781906825787,0.0,0.19091321784739423,0.0,0.6305242703677502,0.0,-0.5576336099947099,0.0,0.11120814275878513,0.0,55.0,0.0,0.41818181818181815,0.0,0.8181818181818182,0.0,0.8254076086956521,0.0,0.8166666666666667,0.0,0.642148849062604,0.0,0.8899456521739131,0.0,0.8930358339283413,0.0,0.1500236586799663,0.0,2.1267948799743146,0.0,-0.30092123021566747,0.0,0.16703312074259213,0.0,55.0,0.0,0.7730444650778913,0.6603694522852145,0.8490426286425382,0.8899456521739131,0.8008591193765904,0.9571135334234665,0.718568665377176,0.6449210799085237,0.7774406148358834,0.8181818181818182,0.7385674400527628,0.8888888888888888,0.7029636115764566,0.618987312676266,0.7601434440982616,0.8166666666666667,0.7365005520693081,0.8948652143285326,0.19091321784739426,0.15767186742069075,0.24065466821967954,0.1500236586799663,0.12438270234231096,0.17876094536829648,0.6305242703677502,0.25117373385315,0.9579034160050999,2.1267948799743146,1.454213514612757,3.971001695179885,-0.55763360999471,-1.2188129457483907,0.1963176791584987,-0.30092123021566747,-0.7134918635658082,0.0540874913993169,0.11120814275878514,0.04796784966027002,0.1837691414330075,0.16703312074259213,0.12470259517734346,0.19381394200720486
depresjon,xgboost,all_features,28,subject_wise,none,1034.0,0.0,0.3471953578336557,0.0,0.7220502901353965,0.01171770307996981,0.6701392757660167,0.013511889174747218,0.6766231062206213,0.013974816921222537,0.36155846078933457,0.027733609485136014,0.7570704632208811,0.016277977761247328,0.6249928393266156,0.02380774365930702,0.19934173203861938,0.008902534312612478,0.4671139512842027,0.04675789803602298,0.2626817613713227,0.05511670661635115,0.11862167420984396,0.014572947567974899,55.0,0.0,0.41818181818181815,0.0,0.7709090909090909,0.02073046227452979,0.7395380434782608,0.02339857747915894,0.7456645653674402,0.02546907815710148,0.5338107600303525,0.04621530048289774,0.8698369565217391,0.03250095425384009,0.8429060385476188,0.03595258656986299,0.15677476232802023,0.009736742449038993,1.7128817815685078,0.40017705736590387,0.3394714728529306,0.0461512263029211,0.1696522794934836,0.017621964198329527,55.0,0.0,0.767989270607655,0.6852042156308877,0.8372506911703862,0.8709239130434783,0.7976190476190477,0.9355102347134785,0.730174081237911,0.6409768983194699,0.7972921369725245,0.7818181818181819,0.7023858591479444,0.8649340628737934,0.6856886041608785,0.6109789579296314,0.7629249387841033,0.7587719298245614,0.6557166915098337,0.8504802437879959,0.19186540064131127,0.14462121417962845,0.25284681096965567,0.15428877014985432,0.11668168481841809,0.18921470806044152,0.5266919939944951,0.3403988210456159,0.7214792715038892,1.7985567929388617,1.2773700838061237,2.7421181885623143,0.24715798171617442,-0.5884080803602059,1.0724325218336839,0.335563696750561,-0.14623105997616645,0.7248157380008659,0.1013533695750893,0.05165877386200074,0.1583698156681542,0.12007442590865221,0.07863718481535198,0.14605089222373735
depresjon,xgboost,drop_distributional,16,subject_wise,none,1034.0,0.0,0.3471953578336557,0.0,0.7332688588007737,0.010036616103767562,0.6853824409367586,0.014034510041860121,0.6918045869870231,0.013424471995880843,0.3904409051941667,0.025385845310024937,0.7783204374290724,0.012648451590215517,0.6477131140444957,0.021288928837583442,0.18777746449249838,0.006331784604520269,0.5251118103150658,0.03640976895693345,0.20021656530472706,0.058288318051592417,0.10259609166969594,0.01067130060349093,55.0,0.0,0.41818181818181815,0.0,0.7854545454545454,0.015212000482437742,0.754483695652174,0.019242459718692897,0.7616919619435406,0.019986924438184166,0.5675913566286147,0.03214804558555185,0.9019021739130434,0.016287355275533665,0.865947552900673,0.030016842482302592,0.14544133907501286,0.007808718037953263,1.9694591728428228,0.3464709413207183,0.2947802056543864,0.04933694245488394,0.13863278506831692,0.01571859788240124,55.0,0.0,0.7875662849479006,0.7113842996659597,0.851567667851753,0.904891304347826,0.8485477962572413,0.9603063614183239,0.7340425531914894,0.6559860055298747,0.8039454465616183,0.7818181818181819,0.7023858591479444,0.8649340628737934,0.6922602395034605,0.6187880086502073,0.7627189098903412,0.7587719298245614,0.6557166915098337,0.8504802437879959,0.18092021831448568,0.1380060329120548,0.23450681250264477,0.14324025913000177,0.10927941037087525,0.17503059460281523,0.5883350070964232,0.405663010973193,0.778599353700245,2.0770034793274084,1.4955253223192015,3.3884137789824975,0.1896965544644895,-0.5741461452616693,0.9956721366311602,0.2917064407373739,-0.19137325316304107,0.6577741720205474,0.09331822507776955,0.04616125279494319,0.15116271054447175,0.15078317617828194,0.09202711050139932,0.19458044914412642
depresjon,xgboost,only_distributional,12,subject_wise,none,1034.0,0.0,0.3471953578336557,0.0,0.6994197292069633,0.014721175090510888,0.6485026307644691,0.018815702003147174,0.6531485259567793,0.019224633689036482,0.31207910392175353,0.03705922942012517,0.7304013205405963,0.016571355789644335,0.6153066094848093,0.029627940384742275,0.2035332549532503,0.010373231589441395,0.4789970700275645,0.051965970599239325,0.10879473030828427,0.023267381246697496,0.10730096124255817,0.01688698822053378,55.0,0.0,0.41818181818181815,0.0,0.7309090909090908,0.03726163914894401,0.6953804347826086,0.037627530075896226,0.6975665673797522,0.04042665352529571,0.44688177993494327,0.08817663315004708,0.829891304347826,0.03671496343042633,0.7920021163417694,0.036553286168398626,0.17478527448116604,0.01003781196268618,1.4641777709104227,0.26284561951865426,0.2580254049377966,0.01271729523752315,0.12728251401673663,0.028859465160203643,55.0,0.0,0.7392675126379862,0.6401710614060795,0.8118044153785428,0.84375,0.7574635485129831,0.931482932076195,0.7021276595744681,0.6220124775899335,0.7722207837070566,0.7272727272727273,0.6369639775560516,0.8113256251506397,0.6550466188347024,0.5784755819889867,0.7211043053056384,0.6945575712699,0.593421915587706,0.7899860921087886,0.19608617193507716,0.15185086198243258,0.2517018177638578,0.17250544576070756,0.13766396333653672,0.21175137644298764,0.5374913056496115,0.28407938604209504,0.7560956820856309,1.594148794674702,1.0152527003190701,2.9138052240791077,0.10310620138132827,-0.6547000994722251,0.8408951953185809,0.25485847424088437,-0.22208387447897251,0.6346888724836256,0.09042360685446894,0.030133855564885376,0.13948168968484279,0.11447437906807119,0.05453983744081918,0.16616271764473703
depresjon,xgboost,drop_day_night,24,subject_wise,none,1034.0,0.0,0.3471953578336557,0.0,0.7201160541586074,0.012986057592156009,0.6676145672134529,0.01429206406816213,0.6740661604962647,0.015028730496955798,0.3566823765430672,0.03035261863454428,0.7582300629320129,0.018659754210722666,0.6292143669242671,0.024422814580672962,0.19793568782326862,0.010527933998596674,0.472698177169355,0.05535967453843483,0.2368190176907699,0.05019725495697823,0.11606600777058262,0.015391653036942949,55.0,0.0,0.41818181818181815,0.0,0.7636363636363637,0.018181818181818188,0.7320652173913043,0.019224463212852157,0.7377911395791713,0.02035001004680695,0.5174358902748067,0.04336462344776747,0.8709239130434783,0.036152539933831704,0.8501221101267535,0.03859973310559198,0.1557787880227344,0.010974393072866006,1.7908204807603334,0.44647380085331007,0.3251026881184917,0.04440930640422178,0.15123738769780504,0.0416754958576328,55.0,0.0,0.7689838027442484,0.6853976588400343,0.8360347154635757,0.8777173913043478,0.8038895457280564,0.938407777239328,0.7282398452611218,0.6435947594306737,0.8029373309396621,0.7636363636363637,0.6764705882352942,0.8484848484848485,0.6795644209465264,0.5984369795609243,0.7522790741315324,0.7352832284339134,0.6322900530325992,0.8251249714831727,0.19047218628741988,0.14485580416954355,0.24957895186335666,0.15362768872189733,0.11801889624401138,0.19093073019702597,0.5338011492783815,0.34352836605907694,0.7366628135826323,1.870172610811386,1.2875842958263677,2.899788957683902,0.22294956369513438,-0.5930800665280702,1.0337237095366716,0.3215664189056556,-0.14213082250415643,0.7072053752159111,0.09315372701320881,0.049374855561191894,0.15048868477458413,0.1212686693126505,0.05362692365653606,0.1668984511574147
depresjon,xgboost,only_day_night,4,subject_wise,none,1034.0,0.0,0.3471953578336557,0.0,0.7214700193423598,0.009149365535988618,0.6758237903641804,0.014052831471444318,0.6809155629317303,0.013520864871084542,0.3663285956265286,0.024967312552304544,0.7608538120292996,0.010951013435436767,0.6001829359270132,0.024372260123025548,0.19155728238356545,0.006493526111659654,0.5646010240144115,0.04760366214333294,0.09263991352969543,0.04884531411241098,0.0852133750091388,0.010468603304594974,55.0,0.0,0.41818181818181815,0.0,0.7745454545454546,0.02073046227452979,0.7414402173913043,0.022995698131638348,0.7479593869283848,0.02524957950946831,0.5441884664902059,0.0456494135862486,0.8616847826086957,0.017932723860756977,0.7774775357865862,0.020718377038554184,0.16335645574803886,0.005701868699582721,1.6294305255249604,0.20278346560976596,0.23019718876128853,0.0356492810288498,0.16528029455380006,0.03477699140422732,55.0,0.0,0.7690745899102445,0.682180024175811,0.8411854391115597,0.875,0.7986991152726151,0.9469302073245184,0.7330754352030948,0.6518358096553586,0.7976464809197723,0.7818181818181819,0.7058823529411765,0.8611111111111112,0.6957889889480147,0.6120696824217465,0.7583919059672402,0.7587719298245614,0.668522540996741,0.8483149251262591,0.18489738274916995,0.14158940075574458,0.23616995354617154,0.16094164919006881,0.12725327736800376,0.19258552596455425,0.6304497434341797,0.35092891348630867,0.8860452635810796,1.745897368483841,1.1971314812205585,3.4112054691344236,0.08859720259228872,-0.6245895362642347,0.7762125186780862,0.22743496160623597,-0.2437134019210776,0.6069630756874985,0.0624325464333712,0.02579832387211531,0.10010810608783294,0.17940647114406932,0.11060001441094643,0.22493115681280018
depresjon,xgboost,drop_circadian,22,subject_wise,none,1034.0,0.0,0.3471953578336557,0.0,0.7321083172147003,0.011132364055339777,0.6880144434127721,0.013601116417849337,0.6935303904239494,0.013657429655680807,0.39129504219851263,0.026610939905471986,0.7787487877849996,0.01114997642142409,0.6585141901376267,0.019284343759766464,0.1880028120311339,0.008006504822674343,0.5173340462918048,0.03697579115772682,0.18366882442732338,0.04887995539218081,0.10583222024430967,0.01529310431932693,55.0,0.0,0.41818181818181815,0.0,0.7854545454545454,0.029875775863918163,0.7581521739130436,0.03286246364795604,0.7652150233598156,0.034462837613614766,0.5614285199385474,0.06562214545885782,0.8980978260869567,0.027927723900943554,0.8605148946937007,0.03181437381357327,0.145328267890189,0.009281278237306933,1.9162307581065516,0.3901617006514514,0.2917660776897746,0.03911447133810877,0.14524471644650802,0.029876775844659226,55.0,0.0,0.7873434437222738,0.7068514348938715,0.8513265928021493,0.9116847826086956,0.8496637882295515,0.9629251200822223,0.7330754352030948,0.6618702048044413,0.798793411977575,0.8,0.7143586236804148,0.8756231672558793,0.6919004352933047,0.6215052147308987,0.7585290143795024,0.7815095702419645,0.6880480250044052,0.872271078755797,0.18054178968253967,0.1369150692712265,0.23124437465483522,0.14309007451951283,0.10797117843002114,0.17562462928303532,0.5812990187490603,0.3873355987225745,0.7765455253417815,2.0550870351207267,1.465280700834374,3.7285229104002955,0.1726416211432233,-0.6852583857406227,0.9602058019638703,0.2881299502829051,-0.1892499057708321,0.6724700512889304,0.08983318105126537,0.03905255162157694,0.14322777802480524,0.14536311145533215,0.09545720105473815,0.17778929603622928
depresjon,xgboost,only_circadian,6,subject_wise,none,1034.0,0.0,0.3471953578336557,0.0,0.6854932301740814,0.01040270159344282,0.6306637779841123,0.012982223307120823,0.6348770807633628,0.013569703494164474,0.2768111611163609,0.026300842015132678,0.7066873001134839,0.008092866203276839,0.5840039297328643,0.015064493149742142,0.20823379177777723,0.0031264590088320573,0.47518407447472955,0.022686191625429362,0.10242394963599621,0.01588868218999547,0.10113826322610664,0.009261898261917173,55.0,0.0,0.41818181818181815,0.0,0.7527272727272728,0.009958591954639388,0.7141304347826087,0.014358205546551232,0.7171104371261291,0.016986900595168112,0.5035974811383304,0.016181571978750583,0.819836956521739,0.019562386570571702,0.799135281277138,0.01634480656708902,0.1776404210501695,0.003707265664801406,1.9338880600472765,0.12752331039820572,0.2350765325341529,0.01592106655640785,0.13563125938177106,0.012965592932320294,55.0,0.0,0.711317445579284,0.6061401798746315,0.7955066867408713,0.8165760869565217,0.7178840832838227,0.9001690849336534,0.6934235976789168,0.6137236636327307,0.7713420651201566,0.7636363636363637,0.6679563935560934,0.8484848484848485,0.641039456551141,0.5720488147615214,0.7094706523597029,0.7352832284339134,0.6222574096808224,0.8256315434496052,0.20337574264260277,0.15765943029238627,0.25912838779137115,0.17684955374520894,0.14796440656203325,0.21066373391857288,0.5169065900863987,0.22268271396543435,0.7970810355629381,2.0016718450922757,1.3150134312840767,3.138899616692758,0.09917161419416846,-0.542667332530212,0.8576697881786494,0.2341864687068011,-0.19086655533630204,0.6203597257689429,0.090347534156363,0.0405630070443644,0.141237878596576,0.1553522743962028,0.08384901053117266,0.22644278690025837
depresjon,xgboost,drop_temporal_spectral,22,subject_wise,none,1034.0,0.0,0.3471953578336557,0.0,0.6926499032882012,0.01689552634578139,0.6396661508304963,0.01902173180310006,0.6441633958934886,0.01971684259217087,0.2950111311682145,0.03942987572586893,0.7296114721964304,0.0209020063710329,0.5904335289768818,0.02220737753416775,0.21170093179139435,0.011673699249536673,0.43484500886614497,0.05876828771335124,0.24523350836925867,0.02496168844645065,0.13543285853402848,0.023053586996055808,55.0,0.0,0.41818181818181815,0.0,0.7490909090909091,0.015212000482437742,0.7195652173913043,0.014518030210917146,0.7245386044659987,0.015444066230323537,0.4813666601701164,0.03595108738149736,0.8220108695652174,0.034600085810453346,0.7803955837177653,0.04145428902712637,0.17730102985366897,0.011648182469767126,1.3123730756102794,0.30909236588405603,0.33096389247706953,0.027520219450441242,0.12330973925915631,0.039884585028971103,55.0,0.0,0.7395646342721551,0.6420114519751182,0.817212398116679,0.8247282608695652,0.7379133313557906,0.9025692329941497,0.6943907156673114,0.6005488642509949,0.7662226831925354,0.7636363636363637,0.6764705882352942,0.8484848484848485,0.6418615866891728,0.5578967231790496,0.7175947974799616,0.7352832284339134,0.6322900530325992,0.8251249714831727,0.20379406903834998,0.15444272190353708,0.2640013391718723,0.17475154510771662,0.1346170856201013,0.21261438058794138,0.4923288972033471,0.27640249227798713,0.7106746352816637,1.4067423527362992,0.9091378540321813,2.16874963048781,0.23040468110701492,-0.5220040396215474,1.0612282351655502,0.32644613082490387,-0.15563511624482518,0.7279956287452466,0.11656086184886039,0.05718726178412991,0.18261077920663596,0.13642291176048196,0.06790964235920463,0.18647455467315202
depresjon,xgboost,only_temporal_spectral,6,subject_wise,none,1034.0,0.0,0.3471953578336557,0.0,0.7572533849129595,0.006000809306571981,0.7115770143402456,0.006870694800690965,0.7194598327032248,0.006986775714919613,0.44594367077657787,0.013917132585815077,0.796133704735376,0.008560821983009111,0.6829705887133946,0.019901913637335428,0.17304834809523056,0.00498718374027041,0.6239071488732251,0.032282398146741366,0.07373685569446166,0.044611765754336265,0.06976938151128004,0.009598057044361816,55.0,0.0,0.41818181818181815,0.0,0.7963636363636364,0.008131156281817419,0.7675271739130435,0.00639814384672343,0.7758645251930993,0.007032844536341239,0.5890624667863718,0.022765366229232895,0.9369565217391305,0.017521380066986628,0.9157072565369659,0.02059887366639843,0.13126336039766046,0.005602958512935647,3.007118754759909,0.33956768186780106,0.23298198947514726,0.03390676786814774,0.17221755729480223,0.008277231668356838,55.0,0.0,0.8020427112349118,0.7367875234166614,0.858764120889088,0.9470108695652174,0.9036037499484588,0.9816164108141178,0.7611218568665378,0.6925042658012666,0.8239588817211773,0.8,0.7142857142857143,0.8823529411764706,0.7222083844996721,0.660535648211583,0.7774650321087175,0.7815095702419645,0.6886446886446886,0.8694029296611512,0.16845062035118938,0.13146487082433947,0.21164798563562034,0.13009356901029995,0.10109157779841489,0.15510103594872818,0.6789953782549135,0.48613981178307486,0.8899597693316307,3.160487137053446,2.358023036907581,5.5453532800812155,0.07132599937464268,-0.603855193617705,0.8028376919056369,0.23157557814821564,-0.17801582747753034,0.5973638414176068,0.053265917018538694,0.024510845783541742,0.07555434768769409,0.15798972696065902,0.09959885682776116,0.2039455108632138
depresjon,xgboost,all_features+smote_in_fold,28,subject_wise,smote,1034.0,0.0,0.3471953578336557,0.0,0.7125725338491296,0.011056489429035048,0.6787892293407614,0.009803003936126679,0.6802200997865201,0.010549256884873258,0.36097022329426065,0.02165094516474875,0.7506410811926132,0.014682584125901857,0.6134110349606013,0.027784437627732996,0.20550700664095328,0.008510159410464733,0.43682449229556397,0.04284178318365002,-0.11706348912692781,0.06704881534355123,0.12571061006898052,0.015028014200830818,55.0,0.0,0.41818181818181815,0.0,0.7709090909090909,0.030424000964875485,0.7444293478260869,0.03280413015493807,0.7506559327687581,0.03438912032282446,0.527034190728995,0.06647130666702228,0.8673913043478262,0.035124319279103686,0.847360590044949,0.04099753327555159,0.15086334358771297,0.00956170002732034,1.727491939728869,0.40886006950202364,0.07966998828280591,0.053574207955516255,0.12486261373216453,0.03634896837610803,55.0,0.0,0.760945011864232,0.6761788106445921,0.8346677922248453,0.8790760869565217,0.8095238095238095,0.9422960953989419,0.7117988394584139,0.6364158415537845,0.7756603742036624,0.7636363636363637,0.6764705882352942,0.8529411764705882,0.6791147360703812,0.6047225653664245,0.7496629271521207,0.7417840375586855,0.651508482823253,0.8358974358974359,0.19640688825393945,0.1557175495479085,0.2493619858264343,0.14845595272850565,0.11610957154055863,0.17980108008375834,0.5060270945855829,0.32138583781180613,0.7008040848464661,1.8166492375992598,1.251931677689158,2.7372067432137723,-0.10838497093077921,-0.9125469704781332,0.7538321293719349,0.07916907929352736,-0.40074646361128463,0.47247178036799986,0.10857102792954154,0.059344448241010574,0.1653122522717893,0.12420824603600938,0.06646455675771998,0.17057954524689733
depresjon,xgboost,all_features+loso,28,loso,none,1034.0,0.0,0.3471953578336557,0.0,0.7088974854932302,0.0,0.6564139069431549,0.0,0.6620441705187468,0.0,0.3315270763482088,0.0,0.7448426699680182,0.0,0.6175658695933985,0.0,0.20548814246038927,0.0,0.44535308356485415,0.0,0.2115501207735851,0.0,0.1240281357261716,0.0,55.0,0.0,0.41818181818181815,0.0,0.7818181818181819,0.0,0.7513586956521738,0.0,0.7587719298245614,0.0,0.5567845705216826,0.0,0.8532608695652174,0.0,0.8112058013279043,0.0,0.16337379090424622,0.0,1.4263595193609628,0.0,0.31042012162486565,0.0,0.1388028878379952,0.0,55.0,0.0,0.7448426699680182,0.6489774354584701,0.8200186458249914,0.8532608695652174,0.7683313281041371,0.9267708969617785,0.7088974854932302,0.6119726533091845,0.7778706189822255,0.7818181818181819,0.696969696969697,0.8667340436753602,0.6620441705187468,0.5736573298511228,0.7369130668733824,0.7587719298245614,0.6590909090909091,0.8512805473829259,0.20548814246038927,0.15746609884197438,0.27426104657434375,0.16337379090424622,0.12382427652885426,0.20198071358997216,0.4453530835648542,0.25532772554180183,0.623889295702789,1.4263595193609628,0.9162637058383453,2.5637144930411773,0.21155012077358532,-0.6817958703733704,1.1281657164903032,0.31042012162486565,-0.19930922850892413,0.7114091114270267,0.1240281357261716,0.07189319611914166,0.19819454744989684,0.1388028878379952,0.07805149334140538,0.18015077988983902
psykose,logreg,all_features,28,subject_wise,none,1021.0,0.0,0.3388834476003918,0.0,0.8519098922624877,0.004717568884933321,0.8432035966602441,0.0048809919887090585,0.8374016874810664,0.005047852353014518,0.6759129108435831,0.009990987923815819,0.9022843074288162,0.005468814630069665,0.8671244365852099,0.010758723707185463,0.1176290109072291,0.0029272762412224846,0.8766074263685297,0.039785876991206316,-0.607846481312577,0.02443258250130282,0.08699431074566374,0.004169069588363069,54.0,0.0,0.40740740740740733,6.206335383118183e-17,0.9555555555555555,0.010143010324169728,0.9553977272727273,0.00855816496101822,0.9541314935064935,0.010292026953120634,0.908536294558264,0.02020981213702984,0.9735795454545455,0.00383785684264382,0.9763207558239267,0.0019669136287334054,0.07603884625984667,0.001778803910424183,2.851517160578306,0.07459142084043927,-0.22554402577600968,0.008204922080620233,0.1654417497942921,0.010045920685594725,54.0,0.0,0.9032412759580389,0.8072432117786612,0.9371057127762864,0.9730113636363636,0.9350340980018516,1.0,0.8609206660137121,0.8087667731746145,0.8951923249412815,0.9444444444444444,0.9060902347114141,1.0,0.8466966966966967,0.7894367223500134,0.8843260548552941,0.9428571428571428,0.9018146870217951,1.0,0.1152804920416973,0.09199925157378688,0.15629476829607614,0.07548499489949968,0.05440523841293866,0.10011726554238612,0.9231379833361506,0.4769404587983695,1.1980032805699372,2.8829513988114646,2.0923177844556786,39.17117655512688,-0.5967169593517925,-1.2922327885737779,0.04152201385407052,-0.22476611731363713,-0.6090034077806874,0.1644161243884237,0.09024455730306642,0.05240102957650311,0.14743403497355567,0.15647500372298717,0.11046749077045477,0.18203737461623554
psykose,logreg,drop_distributional,16,subject_wise,none,1021.0,0.0,0.3388834476003918,0.0,0.758667972575906,0.008831196144054743,0.7691633483194178,0.010084207200908673,0.7469344786173545,0.009323443317634251,0.5126406667374812,0.019123333320306718,0.8428366516805823,0.008574054294819075,0.7489654851086301,0.01564984232750364,0.16087684720631318,0.004933033064321098,0.8203197085140473,0.06272774736403053,-0.6470868978566922,0.023457701094218977,0.11845481755952332,0.007233943454865276,54.0,0.0,0.40740740740740733,6.206335383118183e-17,0.9,0.01656346649999847,0.9071022727272728,0.017151657781958606,0.8982908964073945,0.016846553301009898,0.8023259681997391,0.033802858293939045,0.9508522727272727,0.009717404191185837,0.9541767222876991,0.005418695970053965,0.1164780706092585,0.003633706287392561,2.928596876855532,0.2657780194622518,-0.24862925908734573,0.013858008567403608,0.19431312586837993,0.0051882692689763565,54.0,0.0,0.8449197174052667,0.7544469719725317,0.8922512881417881,0.9517045454545455,0.8977790221333615,1.0,0.7649363369245837,0.70040517422129,0.8271650000125099,0.9074074074074074,0.8387096774193549,0.9444444444444444,0.754029246669397,0.6760540288304278,0.8182739892652338,0.9058249040809208,0.8358974358974359,0.9448453562580982,0.1587771751548985,0.1290018980511298,0.1931541532754732,0.11583226496421262,0.09087040089728003,0.14212507600941324,0.8713641199205259,0.42919725214305376,1.1456157704896779,2.9944816644241863,2.120751021666636,422.66136507141465,-0.639071757829675,-1.3383689370173817,-0.016389799567862427,-0.24782696003794868,-0.5938780670822238,0.10537978731868625,0.11935051269146581,0.06440320758103943,0.19174775087256093,0.19061619782376588,0.14523816997792405,0.22379193265793382
psykose,logreg,only_distributional,12,subject_wise,none,1021.0,0.0,0.3388834476003918,0.0,0.8111655239960823,0.003942137472575526,0.8052044530079213,0.004233834737658471,0.7953526384443613,0.004168590550712173,0.5943227608623926,0.008292942542178775,0.8740496681652752,0.0037936771743788404,0.8184969296087136,0.0059887380415361525,0.137859207923081,0.002220948283486016,0.9071805509433425,0.018078963392724356,-0.6294916004452522,0.023437656907665264,0.10092279414930487,0.006765083563121344,54.0,0.0,0.40740740740740733,6.206335383118183e-17,0.8703703703703705,0.02268046058132569,0.8707386363636365,0.023832332010742197,0.866946330938205,0.02332557171101315,0.7357548803230414,0.047057912140109966,0.9411931818181818,0.005464597744792963,0.9400323144586252,0.001960405696820187,0.10668531709238945,0.0011119199490187777,2.1840605824179073,0.08699993717734272,-0.28504681487266237,0.013832905763318842,0.1361774106993963,0.007271855372269074,54.0,0.0,0.8749603939199315,0.785098560612348,0.9206437318350879,0.9446022727272727,0.8788850374418958,0.9826778819048223,0.8168462291870715,0.7581369801633466,0.8634802480703763,0.8888888888888888,0.8235294117647058,0.9428571428571428,0.8007734198995973,0.7317319847222354,0.8544160828010442,0.8863955119214586,0.8201508671862341,0.9418720144484365,0.13645955945968127,0.10838779115759423,0.1764618832870848,0.1061923318107372,0.08133878545060123,0.13546293494035,0.9451561104890783,0.5864831984356268,1.2389288358612922,2.207530836857964,1.5887017889438202,4.269855762504586,-0.6242037452075646,-1.3147343384803574,0.023266499057498675,-0.284349325390434,-0.6987882813406571,0.12714288929200296,0.0987560782401485,0.04725584958047951,0.16398315910363184,0.14161218367652462,0.1072898992322046,0.1562842074692972
psykose,logreg,drop_day_night,24,subject_wise,none,1021.0,0.0,0.3388834476003918,0.0,0.8356513222331049,0.004768133768712235,0.8261177478056091,0.004818016867338718,0.8198928565810599,0.00498084005729685,0.6411878794779223,0.009805967655079061,0.8885356454720617,0.0044565505254398384,0.8435354003899974,0.004957686918508459,0.1275114539727332,0.0026700135358896974,0.8949011084200482,0.02975749338175885,-0.621564646377788,0.03610139366683565,0.08492205481822442,0.007779023391995526,54.0,0.0,0.40740740740740733,6.206335383118183e-17,0.9333333333333332,0.010143010324169727,0.9323863636363636,0.01244823994329922,0.9311201298701299,0.010714377951196804,0.8625135672855366,0.021802997671605102,0.975,0.005464597744793033,0.9725362215740118,0.005265935704234069,0.08611403491361827,0.002298664574848079,3.423575632567559,0.3853757817910872,-0.2520003036533125,0.01988161552125494,0.16679188342598866,0.011417272246878645,54.0,0.0,0.8900535217298223,0.8247570233090546,0.9257836103381047,0.9786931818181819,0.9462794536588527,1.0,0.8423114593535749,0.7889124380648893,0.8813675240801835,0.9259259259259259,0.875,0.9705882352941176,0.8262983427749617,0.7712912392242258,0.8695556519710335,0.9232954545454546,0.8709903607284218,0.9703703703703703,0.12522711744043696,0.10184286568396556,0.16014749189459787,0.08555484135041026,0.06565454955516135,0.10674062492012455,0.9355206615707793,0.6446588316302623,1.1499902996920588,3.4918080154354927,2.4433002256632825,10.480568480189959,-0.6116698196501408,-1.320834703550584,0.03425272199187184,-0.2513611576063902,-0.630345085650598,0.10735253266660905,0.08349564096005115,0.042043882273563815,0.14837756689506687,0.15812855050682748,0.10976833164727817,0.1929344372821098
psykose,logreg,only_day_night,4,subject_wise,none,1021.0,0.0,0.3388834476003918,0.0,0.7012732615083251,0.011316571996367621,0.7182898736887177,0.011883597376540685,0.6914075554363108,0.011383767071928308,0.4136131481837956,0.022519171449722535,0.7029248554913294,0.010914557369624335,0.4446127765157243,0.00853178941588481,0.22469634486461768,0.004810351176973815,0.7034425559666371,0.08707144694125576,-0.6956180841348579,0.019920681288666624,0.18992643224672315,0.0126913852217741,54.0,0.0,0.40740740740740733,6.206335383118183e-17,0.7925925925925925,0.008281733249999207,0.7965909090909091,0.006987712429686843,0.7892518311824207,0.007967015831935938,0.5842968183136595,0.014287984106617585,0.8446022727272726,0.01190981466832649,0.7918638684615175,0.010862352024733561,0.18719161850861607,0.004093839962136813,2.5440125734575565,0.16551915779815704,-0.2753578668496655,0.016558822845886178,0.18363605690738558,0.020658722377970597,54.0,0.0,0.7029758081781203,0.5753460368816701,0.7905768323987235,0.8522727272727273,0.7536125994908702,0.9388095390104045,0.7051909892262488,0.6193061795063199,0.7756626719269402,0.7962962962962963,0.7177464660026831,0.8782339007035177,0.6959496694061975,0.6080544459613028,0.7753932049979576,0.7928147889780258,0.7084699939658753,0.8745098039215686,0.22343275573782617,0.19080390510675946,0.2680657900039305,0.18661987799757962,0.1639294764628174,0.21107682746213832,0.7376470660852209,0.18371436338470987,1.3509281104082949,2.600539233916865,1.4812092920552409,5.116556410652687,-0.6917029198244954,-1.4133555174262526,-0.11782747639554463,-0.2747425392681843,-0.6503530727107182,0.06288575728136483,0.19518415921951626,0.12177515965256046,0.2636243155393304,0.19898736591195468,0.11135656142159596,0.252824157479859
psykose,logreg,drop_circadian,22,subject_wise,none,1021.0,0.0,0.3388834476003918,0.0,0.833692458374143,0.007599280995600741,0.8235093127809889,0.0068196048865067195,0.8176221712994574,0.0077727455307929705,0.636513766285457,0.015106346038900566,0.8883215585527724,0.006499202163215122,0.8469884087520413,0.008607260905533794,0.12704529433206765,0.0037744025659176227,0.8638258513618261,0.036172181835290265,-0.6204968661890995,0.022104694920068488,0.09071863348477918,0.007365164024006141,54.0,0.0,0.40740740740740733,6.206335383118183e-17,0.9296296296296296,0.02414519409334315,0.9292613636363637,0.026657659517489756,0.927362012987013,0.025180306215200097,0.8551339872919413,0.050676358990963004,0.9639204545454547,0.00396711364879794,0.9659156908205169,0.0036734954443064525,0.08893395209045045,0.002749018801487317,2.6421533420480428,0.1262196942957302,-0.2564858288496102,0.011683708872364935,0.16481479341137256,0.012636579706124796,54.0,0.0,0.8902461999571827,0.8101333206868575,0.9316296294240788,0.9673295454545455,0.9251809877084887,1.0,0.8393731635651323,0.7863012120662863,0.8836016030512166,0.9259259259259259,0.8743047880696752,0.9714285714285714,0.8236347396715454,0.7642875085253118,0.8667674291395945,0.9242636746143057,0.8682375474036004,0.9707955924042242,0.12479044609196441,0.09790024564554416,0.16644258668009937,0.0883792266471246,0.06590337234951962,0.11521203135165708,0.916916864386209,0.4787746063009777,1.1968265074761746,2.6920419018018067,1.9538609055493765,653.3448570708724,-0.6102289382200998,-1.2843252152518474,0.05293890614830412,-0.2556095135816133,-0.6408699011938573,0.1567085740716494,0.0916325461548304,0.04776488351802242,0.15574661856734429,0.1664388881698664,0.12445784165084223,0.1970883342862858
psykose,logreg,only_circadian,6,subject_wise,none,1021.0,0.0,0.3388834476003918,0.0,0.7159647404505387,0.023455298755784608,0.7191175337186898,0.016554376720516906,0.7012497575050411,0.020914282497122003,0.4186116639140476,0.03334860958505879,0.7825788910297581,0.0044754752962435146,0.5935301805083016,0.009464368972225549,0.1926709838773258,0.0025119513636408116,0.8074764729709051,0.03252778869335021,-0.672046645056183,0.020201539496095672,0.12025404051412106,0.004473694476552133,54.0,0.0,0.40740740740740733,6.206335383118183e-17,0.837037037037037,0.024145194093343158,0.8397727272727273,0.02217456481865414,0.83376760595534,0.023965000332376717,0.6715032721787361,0.04581584563008724,0.9213068181818184,0.00728459170736254,0.9168440612420687,0.006083752223889532,0.15361461949405633,0.0020874056946020743,3.916002971092874,0.48826673292715966,-0.3058431690770729,0.014069522693374782,0.21728228183025378,0.009698754991028624,54.0,0.0,0.7841789766645259,0.7138170930808986,0.8386042780357001,0.9261363636363635,0.8566080701032084,0.9743755406368005,0.7257590597453477,0.6675314418336388,0.7723714324271727,0.8148148148148148,0.7333333333333333,0.8823529411764706,0.7092919202108621,0.6497322120692236,0.766117673830098,0.8125,0.7285067873303167,0.8836210709125475,0.19160109615020868,0.16817796276770283,0.22011566138352845,0.15327215918714984,0.13403593406789646,0.1750404060940723,0.8495596725969917,0.5726854992522982,1.1697311614009391,3.9706502624723106,2.739370361419288,7.022724326826105,-0.6683458753098279,-1.3353822994967888,-0.07888693220494641,-0.3054389783364101,-0.7069395349382385,0.02483475068428562,0.11918318466130112,0.05411977979413117,0.21747867533210982,0.22018753752690892,0.1633923359318689,0.2738908352159232
psykose,logreg,drop_temporal_spectral,22,subject_wise,none,1021.0,0.0,0.3388834476003918,0.0,0.8517140058765916,0.0038310689942424913,0.8437597944765575,0.0037273397716606695,0.8374154427275426,0.003999116133880475,0.6761542386346745,0.007830875824309193,0.8981053307642904,0.0058416774968387325,0.8585760228764577,0.012729314053440629,0.11962459568261188,0.0031629033852220044,0.8973190751087671,0.04388102205272264,-0.6145436253453793,0.028610764613828128,0.09104972007399181,0.0062382878483730276,54.0,0.0,0.40740740740740733,6.206335383118183e-17,0.9444444444444444,0.0,0.9460227272727273,0.0,0.9428571428571428,0.0,0.8863975545774782,0.0,0.9673295454545455,0.004711114759027557,0.9681108708021664,0.0014915892728708828,0.08056852891859141,0.0013516357797591578,2.5941244109037727,0.04381411917144114,-0.22843342672016087,0.011812614388037351,0.15819897125545046,0.003696845794734402,54.0,0.0,0.8997901948190965,0.8101188024537749,0.9363572046727642,0.96875,0.9251766757491376,1.0,0.8530852105778648,0.7969618346148258,0.887566193918158,0.9444444444444444,0.9060902347114141,1.0,0.838690310675194,0.7830053787527578,0.8773775616798035,0.9428571428571428,0.9018146870217951,1.0,0.11719634126278049,0.0933026963747491,0.15997028015768625,0.07999599267616936,0.05677103155081083,0.10636636652277728,0.9481222804943485,0.4886753986970824,1.2306107922965466,2.630836009945352,1.891289313719905,57.87435636135375,-0.6035912045294979,-1.2721772102515647,0.03384459614551665,-0.22766843254946814,-0.5999008155094248,0.17354203431333148,0.09467652905546113,0.048408861732707455,0.1456856357432965,0.1557156712008811,0.1062979056275852,0.1764410205544923
psykose,logreg,only_temporal_spectral,6,subject_wise,none,1021.0,0.0,0.3388834476003918,0.0,0.6656219392752204,0.011846673546882309,0.6721687004924,0.01202206186575824,0.6522234298786693,0.011791999113164336,0.3268123652122249,0.02294663024244885,0.7305155213016485,0.011623848484344827,0.5931347590944094,0.014853970692006226,0.21226384215614708,0.0036420071788558026,0.9231893232647581,0.06262848848668835,-0.6621158648021839,0.00936173466299489,0.14419275750555222,0.0033184757709125872,54.0,0.0,0.40740740740740733,6.206335383118183e-17,0.7555555555555555,0.0202860206483395,0.7582386363636363,0.02201475427961294,0.7515817928147889,0.020915241916339186,0.5087113293346192,0.043049887418855695,0.8576704545454545,0.0172630523891129,0.8291605722711033,0.018751247398584612,0.1954596175188199,0.0032415391072188183,4.520164353180581,0.3040587307304228,-0.3823866433819862,0.009109254976978452,0.18843079345730557,0.016773909326748066,54.0,0.0,0.7325326482551915,0.6650372815167899,0.7896789444223286,0.8622159090909091,0.7855919164323397,0.9322498248542833,0.6650342801175319,0.6105095645717051,0.7179316376475813,0.7592592592592593,0.6666666666666666,0.8484848484848485,0.6523532082324455,0.5898758348627766,0.7080218384145266,0.7551447506103941,0.6614133908756115,0.8462255358807083,0.21161206375872377,0.19023634258688935,0.23421219505464314,0.19528944306954552,0.17870737413009868,0.2098266521947694,0.9440369454799682,0.5969101953318317,1.3038688328902999,4.5917284545094565,3.2536420231895984,6.827588569550053,-0.6602453259873187,-1.3236205099583205,-0.13406903322563296,-0.3821220568466989,-0.7761372557304356,-0.01983417402861192,0.14552859690270128,0.07735619689025587,0.24807388926576251,0.1873349583368556,0.11040321284407346,0.24708275562949036
psykose,logreg,all_features+smote_in_fold,28,subject_wise,smote,1021.0,0.0,0.3388834476003918,0.0,0.8548481880509305,0.005382421807652937,0.8448623421108972,0.004294323028124913,0.8401603955731851,0.005406263556025428,0.681078178820696,0.010427714480102436,0.9037542282166559,0.005048964058218291,0.8694480113994298,0.007151774569400772,0.11550342871479613,0.0024789264121587947,0.8106578009916579,0.03554187614678021,-0.5750231705179334,0.014302482643084006,0.08130619783159374,0.0025466230850081932,54.0,0.0,0.40740740740740733,6.206335383118183e-17,0.9555555555555555,0.010143010324169728,0.9553977272727273,0.00855816496101822,0.9541314935064935,0.010292026953120634,0.908536294558264,0.02020981213702984,0.9747159090909092,0.0030794720722555143,0.976542091808167,0.0014275602992506384,0.07192212315890975,0.0005940898365390819,2.815457132482467,0.05729070979503782,-0.18541171362538994,0.005759898612081459,0.15694268395461947,0.012644331597066634,54.0,0.0,0.9055020338257334,0.809681071798718,0.938900798597278,0.9730113636363636,0.9350340980018516,1.0,0.8599412340842312,0.8074443464173127,0.8944206852787088,0.9629629629629629,0.9313197087246802,1.0,0.8455153280562735,0.7885877086522047,0.8832659135172242,0.9616477272727273,0.9238735174023578,1.0,0.1125453202676413,0.08872514265935193,0.15345431013229777,0.0713500238820202,0.0515108031202844,0.09516539657777645,0.8633844475775587,0.4454082411257708,1.1232787231669277,2.83934237843897,2.073451330155207,38.89485121697616,-0.5608816486210206,-1.269450736448862,0.11800459089756372,-0.18471268990093723,-0.570271182455447,0.2144854700996313,0.0821309724060092,0.04353834118682032,0.13970400461163932,0.16412365425282288,0.11373305279200653,0.1845985652244286
psykose,logreg,all_features+loso,28,loso,none,1021.0,0.0,0.3388834476003918,0.0,0.8579823702252694,0.0,0.8510361806893598,0.0,0.8443658099926727,0.0,0.6901283898771263,0.0,0.9062556197816314,0.0,0.8779001516292971,0.0,0.11406284343040621,0.0,0.922118069149365,0.0,-0.6177288394422493,0.0,0.09224514678729882,0.0,54.0,0.0,0.4074074074074074,0.0,0.9444444444444444,0.0,0.9460227272727273,0.0,0.9428571428571428,0.0,0.8863975545774782,0.0,0.9744318181818182,0.0,0.9781203644840006,0.0,0.0726495110245127,0.0,2.89381749494748,0.0,-0.23988019372627317,0.0,0.15381412383222587,0.0,54.0,0.0,0.9062556197816314,0.8110721805566534,0.9390212053507251,0.9744318181818182,0.9393939393939393,1.0,0.8579823702252694,0.8070648105319651,0.8911124836599613,0.9444444444444444,0.9060902347114141,1.0,0.8443658099926727,0.7853534223733188,0.8819285366488581,0.9428571428571428,0.9018146870217951,1.0,0.11406284343040621,0.09056825671090671,0.15437295811494983,0.0726495110245127,0.053122110075493896,0.0955080725224603,0.922118069149365,0.48038172337674623,1.1963828922168587,2.89381749494748,2.130064519960332,52.05591699748453,-0.6177288394422493,-1.3136777209321227,0.016260716605495315,-0.23988019372627317,-0.6204756478135793,0.143374729368638,0.09224514678729885,0.04971256394921962,0.1436357945661688,0.15381412383222587,0.11948728051808978,0.1862729005584904
psykose,xgboost,all_features,28,subject_wise,none,1021.0,0.0,0.3388834476003918,0.0,0.8622918707149854,0.005651924797748691,0.8328833226289873,0.006663963116434763,0.8418286317851802,0.006618214987857691,0.68670726869916,0.013101759363025269,0.8977953329051594,0.005362399435840938,0.8564171494904806,0.008429999259239844,0.10848146185128041,0.0035251960415387373,0.7028557573942331,0.014096106406534846,0.13876496683857487,0.03330834898317261,0.04635253438291534,0.007831467251353797,54.0,0.0,0.40740740740740733,6.206335383118183e-17,0.9481481481481481,0.008281733249999208,0.943465909090909,0.010163945352271763,0.945961030248821,0.008769130221974548,0.8924834676354619,0.01722442431314433,0.9667613636363637,0.006478269460790541,0.9728393526440492,0.0023036533200759732,0.07087558440534014,0.0028806865971054414,2.12220136945096,0.14749326381404823,0.3096401356253592,0.0243587584437789,0.13573879610091721,0.01054797933152707,54.0,0.0,0.9019610361806891,0.8062981936642882,0.9387424909850626,0.96875,0.9298108066557944,1.0,0.8697355533790402,0.8167891653611402,0.9099582364089367,0.9444444444444444,0.90625,1.0,0.8507679035546104,0.7973930559472576,0.8948141369494571,0.9420393559928444,0.9015645387765495,1.0,0.10366429326878919,0.07620375645161388,0.1510343239365146,0.06987962557877311,0.04612882185042298,0.09450023863443612,0.7734460711396968,0.4610396056558897,0.9789851735317845,2.182993676704262,1.583477967648342,62.5602470987369,0.1314456960388139,-0.6774211400636564,0.8515392983518983,0.3076097009130714,-0.08057106913377657,0.7379163782423221,0.044663839079471565,0.01907512821553452,0.06178464894864886,0.13647883105160735,0.09922591679919188,0.15437238323464308
psykose,xgboost,drop_distributional,16,subject_wise,none,1021.0,0.0,0.3388834476003918,0.0,0.8630754162585699,0.007630774213822698,0.8329124384500108,0.008120483578476306,0.8424301770002502,0.008618099808370002,0.6883618096609976,0.017522143336383064,0.8975161635624064,0.0074599178228289195,0.849271559208437,0.009193422931605012,0.10796034919923277,0.004630069807237085,0.7172020291585077,0.02098390856002869,0.1211632517431914,0.03384108758959499,0.05492232353509181,0.007135097930721912,54.0,0.0,0.40740740740740733,6.206335383118183e-17,0.9481481481481481,0.01549370419507545,0.9434659090909092,0.019015000603047155,0.945890417721813,0.016532406889482612,0.8926200026668972,0.031979681843107,0.9678977272727274,0.008558164961018197,0.9732090477816744,0.0038502496460061115,0.07025867235399468,0.004261966473867151,2.2838711257372553,0.15463059266638066,0.2853200717473908,0.022776846463882647,0.14535197291988877,0.009897489710069382,54.0,0.0,0.900573752943695,0.8126219089130005,0.9368211093908797,0.96875,0.9283599692785096,1.0,0.8736532810969637,0.8267524225123661,0.9099854377491432,0.9629629629629629,0.9313197087246802,1.0,0.8552560869063515,0.8063491670814211,0.8952013415516824,0.9616477272727273,0.9238735174023578,1.0,0.10328974420533778,0.076794512202102,0.14919970147344172,0.06940209893267614,0.04626068716846725,0.09475284582348838,0.7870529138321617,0.4810933326239986,1.0047730682598994,2.331384237810253,1.7199992635581305,21.01078413594359,0.11515944131002932,-0.6510489992654327,0.8286359638902532,0.28377917053413887,-0.09344547743230217,0.6974151264637091,0.06418548509377432,0.03606885206648122,0.0871514352325817,0.15619445907779864,0.11862487416312155,0.1832160776397052
psykose,xgboost,only_distributional,12,subject_wise,none,1021.0,0.0,0.3388834476003918,0.0,0.8309500489715965,0.004073777540271371,0.7974874759152216,0.007491085256893321,0.805598354087435,0.005919387959252763,0.6144369772578215,0.01062481020642479,0.867490044958253,0.005040947491684219,0.8176985347176682,0.008135429084634665,0.12802592337881413,0.001916766020892785,0.6727327607886402,0.020168294528767394,0.08828747145767926,0.07282083803917194,0.055279213352946166,0.006512925081324327,54.0,0.0,0.40740740740740733,6.206335383118183e-17,0.8814814814814813,0.010143010324169727,0.8616477272727273,0.01244823994329922,0.8723421207948062,0.011694194482244371,0.7582516507019961,0.019993168832042444,0.9480113636363636,0.006240307567184379,0.9521545748009134,0.005650644682192718,0.0930827577875829,0.003206446909685182,2.03098584378262,0.11664797357824241,0.29200257451769696,0.04626177367144117,0.1370756034463368,0.004804743218312554,54.0,0.0,0.8736758724041962,0.7683765649626002,0.9196130434871322,0.9502840909090909,0.895558405700497,0.9928884401033844,0.8334965719882468,0.7677280005288495,0.8812293440768848,0.8888888888888888,0.8235294117647058,0.9411764705882353,0.8078515507377295,0.7368214873800348,0.8540164072751923,0.8808823529411764,0.8134746999915995,0.9396241244902988,0.12351555200671653,0.09275053719139782,0.17325243638264615,0.09225662841241403,0.06523639563700538,0.12193472035664633,0.7356726793050775,0.4192720430857338,0.9320464804910964,2.091784622470232,1.4698317636452756,4.3512383747845345,0.08436027207723841,-0.7277354953999281,0.858453331528966,0.2901923910733325,-0.13407778856240535,0.7106168519321603,0.05376697423163003,0.027231601273209075,0.0728718659858133,0.14002816342852178,0.09514727276743824,0.17146431794001923
psykose,xgboost,drop_day_night,24,subject_wise,none,1021.0,0.0,0.3388834476003918,0.0,0.8472086190009793,0.004798216930035587,0.810769856561764,0.006791110183668876,0.8222863185815079,0.0061400407689346445,0.650520058799418,0.011432106590052915,0.8823750802825948,0.0057795432650313075,0.8362119316472347,0.012062965537843123,0.11825640801876103,0.003440205132936654,0.7126938336323159,0.020859477630103176,0.15710227930487433,0.038353339624796735,0.048844395640522134,0.006348298690039273,54.0,0.0,0.40740740740740733,6.206335383118183e-17,0.9148148148148149,0.024845199749997684,0.8982954545454547,0.02681237297452047,0.9087935501830875,0.026810757681151716,0.8279822332314868,0.052405210017983234,0.9556818181818182,0.004858702095592961,0.9614926036844315,0.0025327670305639927,0.08312412942150298,0.00263098135044908,2.0873712662636787,0.13334800657192872,0.32465615826637945,0.02395148742303517,0.14499810954417897,0.019278218456692742,54.0,0.0,0.8866666666666666,0.7928719523692676,0.9264502133443586,0.9559659090909092,0.9047577119631157,0.9937519939838004,0.8472086190009794,0.7809860489936018,0.8949326903819994,0.9074074074074074,0.8480517138635945,0.9459459459459459,0.8221873911529083,0.7566127784136141,0.8684727258314363,0.899665551839465,0.827307376006779,0.9434523809523809,0.11388297664449885,0.08445931759270241,0.16303907337986204,0.08229039991669883,0.05599880873372255,0.11019304104655088,0.7808631188955978,0.5121072850030135,0.9779358804507116,2.165667079916056,1.56345675026867,7.090068796250791,0.150223976242807,-0.6346087678668147,0.8760531149035333,0.32287121460059437,-0.07525847108046008,0.7424238705713891,0.061027562498510865,0.03222679524783547,0.09129426635432218,0.13286006074674703,0.09597375781544044,0.1484841458683846
psykose,xgboost,only_day_night,4,subject_wise,none,1021.0,0.0,0.3388834476003918,0.0,0.815083251714006,0.004456146196308464,0.7819657460929138,0.003079070238509152,0.7884685804887047,0.004147120482628381,0.5791194936764863,0.008987068001748122,0.8497469492614002,0.007422996208105478,0.7977496846685007,0.007897884813478596,0.13796677305047006,0.002607187747881107,0.6702412842154328,0.03583029828417974,0.006989095108606194,0.029703904212820247,0.05802802397031702,0.00787057053516881,54.0,0.0,0.40740740740740733,6.206335383118183e-17,0.9037037037037038,0.008281733249999259,0.8889204545454547,0.010163945352271813,0.8975452365147005,0.00931483509289109,0.8023133271484013,0.016469048937554232,0.9514204545454547,0.0027322988723965176,0.95673403412141,0.0025846257990963374,0.09903947220130238,0.0013453141235866854,2.3132246473350087,0.0967139770012523,0.23576841733207582,0.02287938658421607,0.16029226721471382,0.016778827066817995,54.0,0.0,0.8539841575679725,0.7391757568757782,0.9028165416989161,0.9559659090909091,0.9040841545640208,1.0,0.8178256611165524,0.762036713090466,0.8713093212560961,0.9074074074074074,0.8387096774193549,0.967741935483871,0.791132140217506,0.7404520789579169,0.8400861818238412,0.9017109574080815,0.830482911647459,0.966600210554051,0.1339492302527772,0.10074769645084836,0.17482679380199362,0.09825361312242802,0.07354064532930966,0.13183285142469858,0.7298750115151137,0.4077780250650132,0.9290086898343014,2.374713295497002,1.6943311251151139,48.74627368700112,0.006783252422580162,-0.7482825500299353,0.7100999969839449,0.23456027730031775,-0.13611466823215423,0.6448902320028591,0.058615300957620665,0.02897685205556032,0.0829780117644555,0.16880789626803663,0.1267617133619442,0.20045506862675483
psykose,xgboost,drop_circadian,22,subject_wise,none,1021.0,0.0,0.3388834476003918,0.0,0.8605288932419197,0.007542261824947477,0.831127381716977,0.008454603429570258,0.8398843698698928,0.008640895532608264,0.6827286963934972,0.017317254326795654,0.8931368015414259,0.006247021345057707,0.8540250585647678,0.010301008702114102,0.10961838409855555,0.0037975093499514135,0.696225264249829,0.02313790458955365,0.08261675948110406,0.04703940331230529,0.05095081892972594,0.007650462060378319,54.0,0.0,0.40740740740740733,6.206335383118183e-17,0.937037037037037,0.016563466499998417,0.9298295454545457,0.020327890704543525,0.9339841698998675,0.017716056566761236,0.8697840825472735,0.0341057045819387,0.965625,0.006142542133647629,0.973208817209289,0.002846388718787882,0.07121483863016806,0.002613420517261248,2.189984224298473,0.13886914319811944,0.2725095960517162,0.02775931734378722,0.14056258174866712,0.006289283090719226,54.0,0.0,0.8965446371226719,0.7960100791381364,0.9372349032947955,0.9673295454545455,0.9295978425629898,1.0,0.8687561214495593,0.8185979804368193,0.9090607306559717,0.9629629629629629,0.9313197087246802,1.0,0.8490378249547601,0.7930096584881877,0.8901906237014529,0.9616477272727273,0.9238735174023578,1.0,0.10491820142737171,0.0776358462706181,0.1534113190045927,0.07020621207675988,0.04561427839764454,0.09501245058589138,0.7631380145970061,0.449646309676978,0.9648415006760496,2.2444130468954344,1.6128688624948846,35.93439947180681,0.07835006185966438,-0.7004047706508993,0.8104995031685013,0.27038303199216007,-0.13453768866873722,0.700751641013625,0.05172387089892259,0.02113275693737548,0.07158297055415355,0.14959684930120906,0.09909681656210242,0.17058265796082078
psykose,xgboost,only_circadian,6,subject_wise,none,1021.0,0.0,0.3388834476003918,0.0,0.8041136141038198,0.007804788173608823,0.7677529436951402,0.00779882190225,0.774912248087499,0.008477201246061912,0.552721405379932,0.017397051678962536,0.83852708199529,0.006120660967139099,0.7584056616308107,0.007604112291339909,0.14692273266384717,0.0034142491198457716,0.7033692915701447,0.03210364519352398,0.04078336662633303,0.03659660471224747,0.05810796226484037,0.010640254158872773,54.0,0.0,0.40740740740740733,6.206335383118183e-17,0.8814814814814813,0.010143010324169727,0.8588068181818181,0.010272548143048031,0.8712673751070573,0.010769099879253799,0.7621448443348526,0.023880051707217832,0.9332386363636364,0.01077112989211866,0.9390704929678947,0.004859509502653282,0.11200610114754936,0.003004464854861076,2.23037996004271,0.2107382889564114,0.2285083236276538,0.02889950319020787,0.14978865117386536,0.023707620483612028,54.0,0.0,0.8432369942196531,0.7631145210414485,0.8892295427319915,0.9346590909090909,0.8599570934882953,0.9911209364277762,0.8139079333986288,0.7464055991882443,0.8629917269521657,0.8703703703703703,0.7966500518943334,0.9364335398193552,0.7852458508245213,0.720363030912627,0.8322880796671221,0.8595317725752508,0.7875,0.9322432576656389,0.14270416097617863,0.10969485441081889,0.18771502051700953,0.11133382261603891,0.08216359606229194,0.13906809366898043,0.7651952257537513,0.5337933104528925,0.9743849466258371,2.2755573375741323,1.5989586688389752,4.01342732035548,0.0392305146047189,-0.6934955129059898,0.7188542500467425,0.227478171433412,-0.1422404275649856,0.6218202586587116,0.06008505972967019,0.03157327815514089,0.08411281912988058,0.13982511891259083,0.10349204547544795,0.1645403769575222
psykose,xgboost,drop_temporal_spectral,22,subject_wise,none,1021.0,0.0,0.3388834476003918,0.0,0.8550440744368266,0.004798216930035633,0.8238801113251981,0.0046715832535562515,0.8331615044603187,0.005232644155848353,0.6697972458188582,0.01087288311971571,0.895762363519589,0.0068026711677919745,0.8539274538649719,0.007543260128300771,0.11229973242863958,0.002176632154083531,0.7025708612001552,0.023280986253202615,0.11676003181565175,0.029756483664002485,0.04336149065166275,0.004556642776783214,54.0,0.0,0.40740740740740733,6.206335383118183e-17,0.9333333333333333,0.016563466499998417,0.9267045454545455,0.017615927270372145,0.9303189833422392,0.01735443709853136,0.8617518262251599,0.03448430350609585,0.9642045454545454,0.003941601399293047,0.968402318168749,0.0018159704096112588,0.07502578956821455,0.0015748840878893045,2.1269424837910997,0.10853662549263343,0.3013526635614988,0.021478560809326263,0.14581061910656795,0.014588321944984313,54.0,0.0,0.8999871547848427,0.8071302904775194,0.9349321813030808,0.9630681818181819,0.9170948161214884,1.0,0.8638589618021547,0.8125148135506602,0.9048243154762677,0.9259259259259259,0.875,0.9717804341359473,0.8442841045120841,0.7860649864899875,0.8848132703132192,0.922077922077922,0.8674594340731269,0.9708728880893733,0.10759489232957646,0.0788301469592079,0.15239690980819048,0.07412078897127279,0.04955742077202518,0.09951456454022736,0.7720514809102687,0.46649304685897375,0.9593030574391765,2.1796581615685677,1.560256121811463,10.927470598981055,0.11090311791977535,-0.6872048620180188,0.8181120087252753,0.29933274155171696,-0.08482270003928795,0.7450475518098069,0.04535615703831705,0.021017315280106752,0.06446204076274954,0.1378232945162044,0.0931729946964156,0.1573417625717361
psykose,xgboost,only_temporal_spectral,6,subject_wise,none,1021.0,0.0,0.3388834476003918,0.0,0.8164544564152791,0.007605590071818687,0.7801853992721044,0.009540975965392069,0.7883973955847079,0.009222917716760787,0.5804429803939669,0.018033243969609297,0.8492909441233142,0.007244492636300663,0.7758365734017612,0.013227446469868016,0.13877409094798063,0.004094220091409611,0.6904062541425692,0.03852328060305434,0.040603288500106006,0.06160748907982543,0.05414350796992601,0.003454195148571302,54.0,0.0,0.40740740740740733,6.206335383118183e-17,0.8666666666666666,0.01549370419507545,0.8463068181818182,0.01651641119744165,0.8563513250030148,0.016825142971357933,0.7274097444799699,0.03537741383503431,0.9582386363636364,0.018068271154724824,0.9505877346527816,0.015934005558482265,0.10154768246238643,0.006561279287710842,2.62212901087674,0.40426827978854285,0.2109161732257651,0.04821956675105843,0.13943084793993168,0.031235235522191443,54.0,0.0,0.8538043245557696,0.7807770909648888,0.9048680763818725,0.96875,0.930254263767638,0.9897959183673469,0.8246816846229187,0.7640256221608913,0.871842367369525,0.8888888888888888,0.8235294117647058,0.9428571428571428,0.7971744546730812,0.7400424581902189,0.8475622618872517,0.8808823529411764,0.7984189723320159,0.9388111888111889,0.13456016011215918,0.1028507442649293,0.1774578465689802,0.10068326798404313,0.07670297366983467,0.12528085667772496,0.7505082416988488,0.549382693573194,0.9600796315743981,2.6778111484628973,2.062553598862472,4.359474754476313,0.038395906015919086,-0.7135304606998449,0.7530597084730344,0.20924399076734934,-0.18884737613756597,0.5866867472040679,0.04574414392343534,0.025543566492442115,0.05704910571502166,0.13821762841608792,0.1031344995442299,0.15764846255951603
psykose,xgboost,all_features+smote_in_fold,28,subject_wise,smote,1021.0,0.0,0.3388834476003918,0.0,0.859745347698335,0.0025351966906062085,0.8391278098908156,0.0023750638217352495,0.8420912654701496,0.002698433286496818,0.6844965875496575,0.0054702337623445734,0.8984256047955469,0.005304111893547186,0.8567602747258591,0.011094690769266084,0.11171706101805708,0.002485796392396312,0.6833347505632453,0.020350967759794635,-0.3039934606339811,0.03379473862218528,0.06354754592188991,0.0066725667979364665,54.0,0.0,0.40740740740740733,6.206335383118183e-17,0.9444444444444444,0.01851851851851849,0.9431818181818183,0.019241785772931903,0.9425487012987015,0.019176911531779715,0.885234056370041,0.03835778751924708,0.9681818181818181,0.006856544537583607,0.9740378857053742,0.002256662527619733,0.06755235003813065,0.0016588217973912186,2.237652627900162,0.19899948677049678,0.03725007090065059,0.020666710010768148,0.14010261057841555,0.01285825175428524,54.0,0.0,0.9037037037037037,0.8114737512941659,0.9403305701628677,0.9715909090909092,0.9346749146795161,1.0,0.8658178256611165,0.8157213354563116,0.9023953187926853,0.9629629629629629,0.9313197087246802,1.0,0.848859561069589,0.7950963880065132,0.8899160130498116,0.9616477272727273,0.9238735174023578,1.0,0.10606446948114516,0.08203412186243429,0.14794871462328946,0.0665554596092931,0.04433484715147202,0.09134684994690853,0.7608480462192188,0.45336005853271655,0.9579572176176814,2.304108151000646,1.6680789309380533,125.5470342275014,-0.28512987486446595,-1.085096094091676,0.4384892920560407,0.03701442448427235,-0.3532200312032926,0.46438940642006915,0.04631807751141545,0.020599422001048272,0.070857309905965,0.14369317263157833,0.10179455591690256,0.17349222773147216
psykose,xgboost,all_features+loso,28,loso,none,1021.0,0.0,0.3388834476003918,0.0,0.8589618021547503,0.0,0.831350888460715,0.0,0.8388106828048941,0.0,0.6797254641710657,0.0,0.8988610575893814,0.0,0.8576717009528317,0.0,0.10850498968889236,0.0,0.7317500373462658,0.0,0.11799154601246407,0.0,0.050595128474675885,0.0,54.0,0.0,0.4074074074074074,0.0,0.9629629629629629,0.0,0.9616477272727273,0.0,0.9616477272727273,0.0,0.9232954545454546,0.0,0.9701704545454546,0.0,0.9778012684989428,0.0,0.06975561927684802,0.0,2.2458734255795245,0.0,0.29151881403860486,0.0,0.15389865305688644,0.0,54.0,0.0,0.8988610575893814,0.8097576144698374,0.9357662937954789,0.9701704545454546,0.9310075910076866,1.0,0.8589618021547503,0.8080485141696526,0.9000836054140168,0.9629629629629629,0.9313197087246802,1.0,0.8388106828048941,0.7836170048237979,0.8828410120771867,0.9616477272727273,0.9238735174023578,1.0,0.10850498968889237,0.08033265605322408,0.15397976690154241,0.06975561927684802,0.0458124508312081,0.09441673143358986,0.7317500373462658,0.46014190913232883,0.9150987625158226,2.2458734255795245,1.6206969952539492,113.79959828718206,0.11799154601246409,-0.7165823701750031,0.8821509794183022,0.29151881403860486,-0.0988762043405675,0.7021720737102142,0.050595128474675885,0.02358789065628233,0.07634393334952867,0.15389865305688644,0.11288648068946495,0.17851100699769826
hyperaktiv,logreg,all_features,28,subject_wise,none,502.0,0.0,0.5039840637450199,0.0,0.47808764940239046,0.012519726185235596,0.4777624331317365,0.012645202167866437,0.47677300641053194,0.013413472603369996,-0.044726871142887925,0.02553444313193469,0.47852437417654803,0.021934504537022628,0.4908307542886348,0.023522074445224382,0.27935449247511085,0.008615694344189566,-0.14450528414538746,0.09829536970617965,-0.023110588406694152,0.03059942253237281,0.13983582534341826,0.016111346495385384,85.0,0.0,0.5294117647058824,0.0,0.47294117647058825,0.0193313843825353,0.47055555555555556,0.02120956574313453,0.46983037411776574,0.021602838887185515,-0.0592543731004858,0.04278950229480515,0.46277777777777784,0.0308645987628241,0.5294606749417946,0.029960886367460304,0.26699273289808084,0.007240374906801222,-0.3234033189240222,0.2989238060683305,0.07993804869876084,0.030389206105992307,0.11514303945001195,0.021895929218635857,85.0,0.0,0.46621267679413303,0.383173062892148,0.5542306640254598,0.4561111111111112,0.36213947894386644,0.550543034636811,0.448207171314741,0.39083394603268884,0.5131884804540305,0.4470588235294118,0.3678957554240242,0.5276247828868127,0.44660630783006666,0.3893124389636203,0.5084433071162922,0.444289887327862,0.3569096100626339,0.5220736576143319,0.2745307257091755,0.2550316974056667,0.2937326789417072,0.26494708579660736,0.24983557277270194,0.27933595284402185,-0.1681596142657475,-0.5984879403877265,0.32012409035292355,-0.404503037841595,-1.3488405482692472,0.5236210420986489,-0.022467187518859476,-0.5389874724811833,0.4539767715574294,0.07929578995163898,-0.24980015775787975,0.43576289301221555,0.1567942168349271,0.09863207969706199,0.21506135718808855,0.12554925685407706,0.06350032757232453,0.1840927192091883
hyperaktiv,logreg,drop_distributional,16,subject_wise,none,502.0,0.0,0.5039840637450199,0.0,0.4796812749003984,0.007893072811218718,0.47924821816911917,0.007987998744030764,0.47747484030341064,0.009044070520737985,-0.041863899039496784,0.016326829627386432,0.48068638189120116,0.027760232515169157,0.49337630248292985,0.031506454391299614,0.27022662743200343,0.0077027851026132835,-0.12847075255786033,0.1211108282951097,-0.02073154127944929,0.025086254582758333,0.1192534616726006,0.0114320662090347,85.0,0.0,0.5294117647058824,0.0,0.48,0.04354530711369823,0.4758333333333333,0.04520401285038505,0.47411554992920574,0.047032772146249555,-0.04942041091114759,0.09210499403536601,0.47455555555555556,0.03889960169906216,0.533836145280934,0.040293549002102164,0.25873531685933876,0.0068305622423787665,-0.1465634081059838,0.4605077406502763,0.07367351706478135,0.023340547235878396,0.09627882123264327,0.04880165158969517,85.0,0.0,0.4723082051526263,0.4006742711517543,0.5567950725064753,0.4588888888888889,0.3585600941789813,0.5591478365185287,0.4601593625498008,0.39494739031024395,0.5246130207682194,0.47058823529411764,0.37911794597939563,0.5436671081828538,0.4578163920052607,0.3961041592385027,0.5234342368945256,0.46585672392124006,0.3806841456526503,0.5407914339676255,0.2669793697211245,0.25123545865055386,0.28361521797982014,0.25727096935551824,0.24473782652400414,0.26846858640055027,-0.1536942565334532,-0.6242931265740348,0.37374896192257356,-0.189441717348085,-1.4707382899949641,0.9357396749769189,-0.020314508885143207,-0.5157439037758342,0.43444056540989223,0.073291294607307,-0.26315480652402,0.4128801914154178,0.13022552155144468,0.07286401849655581,0.18032902978569093,0.09546777376688488,0.037425745825973994,0.16095453789560019
hyperaktiv,logreg,only_distributional,12,subject_wise,none,502.0,0.0,0.5039840637450199,0.0,0.4868525896414343,0.022209145389910333,0.4865469784275442,0.022203295337816134,0.48581035720031984,0.022262067853894483,-0.027001423273718794,0.04446826888941491,0.4732860294934679,0.03200894141236264,0.46976452588696976,0.02282301289510455,0.2666625722872089,0.006208082291620425,-0.24463174270490562,0.2703724040668555,0.008039724323417872,0.02399394665451704,0.09004824219717185,0.020577908119183745,85.0,0.0,0.5294117647058824,0.0,0.4752941176470588,0.03587753101641627,0.4730555555555555,0.035971954095954814,0.4728714640425511,0.035961879112455096,-0.05396948247281351,0.0719037503247186,0.4484444444444445,0.05058515616948669,0.48677759341384996,0.02840517247565594,0.2639996114126788,0.005834837759065648,-0.7347187598025401,0.5462859370525311,0.11171235073964134,0.024574919375544714,0.0957270545299008,0.023657616233697547,85.0,0.0,0.4605774878168801,0.36418169854734994,0.544080620915111,0.4255555555555555,0.3428093614077222,0.5168923576474272,0.48406374501992033,0.4109511552722111,0.5481927710843374,0.4588235294117647,0.38181818181818183,0.5362600018630187,0.4818245222485702,0.4084374955365382,0.5459038663144585,0.4526875699888018,0.375,0.5291245204046041,0.2639464888892325,0.2517651608990457,0.2817818452413097,0.2627255071030674,0.2528259182130091,0.27397914680182767,-0.3744576962993297,-1.3130369166609355,0.405822686597576,-0.9110739543535332,-2.377448594270421,0.33694423479320906,0.007920596742555535,-0.4765431618504944,0.4462711690297786,0.11110495963372757,-0.23481754646857975,0.4481037136970297,0.0821192702901113,0.025466701571040758,0.12954593548312388,0.09346151959299645,0.0334010202890636,0.14590912992249705
hyperaktiv,logreg,drop_day_night,24,subject_wise,none,502.0,0.0,0.5039840637450199,0.0,0.48844621513944225,0.018761091120272674,0.4882232487261298,0.01883584175847668,0.4878228801161001,0.019097902275875253,-0.02363112200723449,0.03775709483254158,0.4857977364001461,0.02412024817213197,0.49688190924736764,0.02648430677559673,0.27437081807988367,0.008476151250307918,-0.06630173575061912,0.16596360885864145,-0.014428691429685064,0.030712680341612706,0.1250095349337766,0.019889614854734974,85.0,0.0,0.5294117647058824,0.0,0.49411764705882355,0.00831890330807702,0.4919444444444444,0.010082606340489745,0.49101672484690084,0.009921277241090612,-0.016232328624511037,0.020241849815871713,0.47455555555555556,0.03596637661641191,0.5508736434152244,0.03723733808630631,0.2622920262722889,0.006872841065184847,-0.17107731870600787,0.35038622869434066,0.08532962354689794,0.03195815635665242,0.09086115939368015,0.013518183214956198,85.0,0.0,0.47565757099544426,0.39383087783110915,0.5559311379078291,0.455,0.3583950311505974,0.5474887754709027,0.4681274900398406,0.4070923119059962,0.5284236429906738,0.47058823529411764,0.38596491228070173,0.5384615384615384,0.46736448063327807,0.40409821279229746,0.526641555641326,0.4679371261649743,0.3954153786832503,0.5460248461655568,0.2699177900515352,0.2523591203802365,0.28841472236058635,0.26036360845363143,0.2472148224769175,0.2736112028310486,-0.08259576987245727,-0.6048950431614204,0.4336100461360384,-0.21540200825274,-1.301510101307868,0.6405395790513788,-0.01403701136889067,-0.5192371473324245,0.4511478056092911,0.08467322911495408,-0.23727060679073,0.4449681694943936,0.13276557983188858,0.07661970452525942,0.18954214332997887,0.09884238692905681,0.036480643125007255,0.15948991811049376
hyperaktiv,logreg,only_day_night,4,subject_wise,none,502.0,0.0,0.5039840637450199,0.0,0.5047808764940239,0.019800436079345285,0.5047526072670128,0.0198064143597705,0.5047304220639003,0.01979344708337956,0.009507319453461196,0.03961412178529048,0.4926774290839246,0.018553469924426056,0.485185232445933,0.008191190725235857,0.25891679557268854,0.002314826512247661,-0.35445128879452187,0.13502043257848823,0.00474337586811333,0.008178565436003612,0.05174806466711261,0.017976144064938516,85.0,0.0,0.5294117647058824,0.0,0.4752941176470588,0.01784205986835659,0.4736111111111111,0.016753247335853913,0.47330889254349984,0.01686341112317688,-0.052784701681270876,0.03351105040227086,0.47122222222222226,0.02264323407516505,0.5043479569861242,0.005289155420992303,0.2579088500640889,0.002077521600293085,-0.7451141524449272,0.2961504847715307,0.10250767857528786,0.005724333391936876,0.08390997786480833,0.0129164813846674,85.0,0.0,0.49269012810133817,0.37605384500108263,0.593577171257364,0.4711111111111111,0.38126800433551944,0.5604229346140124,0.5039840637450199,0.41703777518721247,0.5780887293568728,0.4588235294117647,0.3858910779149444,0.5355970593452591,0.5038875989760077,0.4235301573026809,0.5822195069146043,0.45694444444444443,0.3851350096667283,0.535164586067985,0.2582007059597809,0.24693512907871923,0.2717491905377013,0.2575091855113812,0.24882738304384933,0.26674724789505705,-0.39789218493336326,-1.8507265386192104,0.7926591954799391,-0.8510735804325553,-2.516944095589701,0.7204517931224114,0.004736147522353154,-0.4791510077310267,0.41937957024975475,0.1023458919735907,-0.2337992166393475,0.4428679828988322,0.046768729192304646,0.020218794838467367,0.056952827891022385,0.08236910299861205,0.0254980715869253,0.1283528418672158
hyperaktiv,logreg,drop_circadian,22,subject_wise,none,502.0,0.0,0.5039840637450199,0.0,0.4669322709163347,0.02053822536857691,0.46649205517723064,0.02065899388999009,0.46481497104475233,0.021674647560271144,-0.06760352033085446,0.041841026123598385,0.43492864739590775,0.022834646626128625,0.4442089447741585,0.016085053720641007,0.2814178728619104,0.006963310678929899,-0.3659672609511678,0.15935233613473904,-0.012147694597187295,0.0266432516571758,0.13485507908580124,0.020097965242374043,85.0,0.0,0.5294117647058824,0.0,0.44000000000000006,0.03775719184913226,0.4372222222222222,0.03883180333975341,0.4362464882974427,0.039443727617724036,-0.126339082227149,0.07828143093736141,0.3967777777777778,0.034487875844228376,0.457447221592356,0.019106543552594276,0.2763643018946615,0.006735647661558716,-0.9394806890183272,0.3444365208789648,0.09759524911547487,0.026475348795416128,0.15266274964737803,0.022052720939325077,85.0,0.0,0.41841675000396844,0.32304713779701233,0.5103927728020802,0.39055555555555554,0.2970624292752346,0.48275862068965514,0.45219123505976094,0.38002266585352257,0.5128333619031616,0.47058823529411764,0.37200469589878515,0.5455220797588085,0.4488647932194999,0.3745056638204798,0.5126096530214097,0.46585672392124006,0.3829260748530776,0.5457142857142857,0.277246565283137,0.2601491996527174,0.29746550214630746,0.2746141921027264,0.2603633639943052,0.287682873885829,-0.522745797120484,-1.244248753576757,0.0704446369400942,-1.1763643084252677,-2.4882084522945624,-0.24023710240155607,-0.011897421868664732,-0.4958526175277084,0.46974441120846655,0.09690059425438678,-0.24316192563669173,0.44450461081660997,0.13330042698553596,0.06949712698914529,0.185680277064209,0.11563587326391346,0.0561393162926822,0.17022483645408443
hyperaktiv,logreg,only_circadian,6,subject_wise,none,502.0,0.0,0.5039840637450199,0.0,0.5151394422310757,0.013627594722300443,0.5147689572519326,0.01363775772869871,0.5136112026870742,0.013977964785962128,0.029676144492455016,0.027363263453789755,0.49209009952854893,0.023013264153932504,0.48625910241313636,0.01896602451465147,0.2608910179372585,0.005050200819025913,-0.22311279556120253,0.2869606609802125,-0.006395400714830404,0.013207724491813032,0.055259344949851,0.01653169372518894,85.0,0.0,0.5294117647058824,0.0,0.508235294117647,0.02682765706115618,0.5058333333333332,0.02654195374575831,0.5052701380654184,0.027075399457254404,0.011655444590070351,0.05327539552876991,0.5023333333333333,0.03391711028920905,0.5370412495054466,0.03795583468682036,0.2546857127541351,0.004199368877824523,-0.2580605942489966,0.6319348706759379,0.08565286768002303,0.011719417205294569,0.05416188621852856,0.021911367274932748,85.0,0.0,0.485515183262695,0.39789759063931796,0.5580656908341376,0.495,0.4019331458999233,0.5808397981432399,0.5119521912350598,0.44293345176701093,0.572557672718953,0.5294117647058824,0.45162736337868786,0.6037735849056604,0.5095681855338764,0.4407569590787418,0.5708022654554618,0.5240761478163494,0.4487916418303006,0.5986296429859358,0.25935239847590896,0.24901178161161405,0.2711034913883582,0.25397263036833645,0.24656161776664676,0.2628014036798494,-0.2979353980456631,-1.231166167728847,0.606049086940545,-0.37595479141762855,-2.0127813825022556,1.2364902689767554,-0.00631639544054723,-0.48639291405087864,0.40638819036463686,0.08542517554165925,-0.24971249197078413,0.42877708057384745,0.051390693486930046,0.026427068769585862,0.0613459355712857,0.050220440225969304,0.008949751637476574,0.08188356336949738
hyperaktiv,logreg,drop_temporal_spectral,22,subject_wise,none,502.0,0.0,0.5039840637450199,0.0,0.4936254980079681,0.01156408388342628,0.49336793815578517,0.011614919450394452,0.49288894540293243,0.011814191335512963,-0.013309911003092303,0.023294825368936935,0.5024778957728147,0.022886050287606347,0.504823121108599,0.023115286448991045,0.27046919420199855,0.0074716319899404,-0.06941438001907041,0.10230369589084079,-0.007956329674632992,0.02533905022178632,0.1172624305621491,0.013776831121783177,85.0,0.0,0.5294117647058824,0.0,0.4894117647058824,0.03954761485640379,0.48666666666666664,0.04141824089712582,0.4858162543285471,0.04215805181054416,-0.02715870057765244,0.08347932279776153,0.4956666666666666,0.028206141525438825,0.554689163810327,0.027916562234215448,0.259701034153989,0.006542558930552889,-0.0027582451481144633,0.29540314507892224,0.09315523511889436,0.02334695079712801,0.1016242141305946,0.048813145214209014,85.0,0.0,0.493071098623744,0.40648977456423274,0.5773119877188082,0.49,0.39307948064025405,0.5878045442948995,0.4701195219123506,0.40482021810983887,0.5376240493901646,0.49411764705882355,0.4132336807955446,0.5751669255519802,0.46958069180291406,0.40509080298110633,0.5371496741373878,0.489596425080296,0.4082570974756262,0.5680836396783174,0.26670013303717444,0.2492234645187165,0.2873572147464204,0.25815048571964055,0.24333359963188356,0.2723834008193005,-0.06655431398619838,-0.5432722713954813,0.38712146705780487,-0.018425352731496654,-0.96738850707199,0.9504459911255227,-0.007789900652263554,-0.5097197282897905,0.452821084386773,0.0925582158938147,-0.23943274777503196,0.42766562455954676,0.13047938085652436,0.0704480782940017,0.19477515831932435,0.07632998521457157,0.03391810635962957,0.11207485807543195
hyperaktiv,logreg,only_temporal_spectral,6,subject_wise,none,502.0,0.0,0.5039840637450199,0.0,0.5191235059760956,0.025063212729165882,0.5184929441084496,0.02500100092877858,0.5156334656870522,0.024648443632598868,0.03758048045500359,0.05057208949416138,0.5118148483261108,0.024529624512834462,0.5079026273628451,0.020322558866634203,0.25639973518559706,0.003846340696200577,0.05114940224350094,0.1788838032311138,0.016515762321654193,0.009232091647859642,0.05339943519990019,0.019192210777144662,85.0,0.0,0.5294117647058824,0.0,0.531764705882353,0.02808785032073722,0.5263888888888889,0.026661602528406214,0.5242275694887929,0.025180932210022974,0.054294642562890925,0.05515031344706998,0.49755555555555553,0.026873044000022748,0.5347491591573642,0.033293079252672005,0.25384748353562414,0.004029722280242535,0.07194984951645678,0.4199266320776159,0.11346640478690069,0.009636096852145223,0.07796886576728206,0.019623268994536015,85.0,0.0,0.5187866088861375,0.4179604025024518,0.6116997787466214,0.5049999999999999,0.41183370837012134,0.6124938732719699,0.5318725099601593,0.46000875019161125,0.6028361492153422,0.5294117647058824,0.4576678591296737,0.6111111111111112,0.5284123843217206,0.4560748143341303,0.6012561855734339,0.5213963963963965,0.4420671711776562,0.599534857577902,0.25527082139598684,0.24243320590169137,0.2710292650841722,0.25326853097622753,0.24323910073503893,0.26300151477487216,0.04583534164026453,-0.992862796660056,1.080448123100976,0.07097708384362941,-1.3496129429339032,1.6138038779259936,0.016451725198672808,-0.46135132580374594,0.45228531496839675,0.11320324437408984,-0.21596616872597485,0.4456464168572009,0.027621292845422557,0.021508420539916893,0.025629074181586598,0.04333833750129442,0.008772626467555096,0.05503435458669944
hyperaktiv,logreg,all_features+smote_in_fold,28,subject_wise,smote,502.0,0.0,0.5039840637450199,0.0,0.47768924302788845,0.011734403565755492,0.4773417781799133,0.011835386455000587,0.4762656311536636,0.01246599271329856,-0.04557472146373255,0.023858243196169356,0.47819102496944305,0.021376665691708898,0.49048834738025304,0.022698107002065277,0.279630860846726,0.00832828871112496,-0.14607148030929032,0.09638635037750934,-0.023659186155045715,0.02997337174613794,0.14059443623078047,0.014687925665559631,85.0,0.0,0.5294117647058824,0.0,0.47058823529411764,0.02759068094013782,0.46805555555555556,0.030078344205149623,0.4669365486879837,0.03082125921850796,-0.06452709855851953,0.06095260560046152,0.4615555555555556,0.027555779568981927,0.529002903509518,0.026834022774236115,0.26716784520417775,0.007116812878531971,-0.32636636230115135,0.28274367377881915,0.07961983274071549,0.029571728832827722,0.1194244680207607,0.030953933073831277,85.0,0.0,0.4660539390764639,0.38262453482172454,0.5545476435466772,0.4527777777777777,0.3548553331929569,0.5443229958258479,0.45617529880478086,0.3968210379166916,0.5175180920252923,0.4470588235294118,0.3678957554240242,0.5276247828868127,0.4543543435936026,0.39958023468024345,0.5156697137589739,0.444289887327862,0.3569096100626339,0.5220736576143319,0.2747397776947042,0.2549713870486994,0.29388432797283087,0.2650930763653891,0.250058655764427,0.27967899025728676,-0.17126930077238361,-0.6045789466786448,0.31315142680739094,-0.4084175733810117,-1.3516735459388145,0.5276026847720345,-0.02299041642944277,-0.5397752124292059,0.45438483937915397,0.07898700050068783,-0.2516684519384482,0.4309003734502491,0.1490610816123626,0.09153534612362219,0.2051737395086133,0.1256661051043561,0.0628551464942681,0.1934945845697258
hyperaktiv,logreg,all_features+loso,28,loso,none,502.0,0.0,0.5039840637450199,0.0,0.46215139442231074,0.0,0.46186326332999983,0.0,0.4612963227929604,0.0,-0.07646793412589549,0.0,0.47156213787958157,0.0,0.5007016647625118,0.0,0.2752703599235741,0.0,-0.16119050064931326,0.0,3.29116788320897e-06,0.0,0.14580293356387078,0.0,85.0,0.0,0.5294117647058824,0.0,0.4117647058823529,0.0,0.4111111111111111,0.0,0.4110310421286031,0.0,-0.17748222017059248,0.0,0.45666666666666667,0.0,0.5410305931651672,0.0,0.26404646291539596,0.0,-0.33608076288502364,0.0,0.0975452581127982,0.0,0.18525285503213104,0.0,85.0,0.0,0.47156213787958157,0.3881378320962667,0.5525778813806993,0.45666666666666667,0.36233673021905227,0.5429739056738638,0.46215139442231074,0.40540566566511815,0.5274398366002854,0.4117647058823529,0.3333317559297823,0.4832406910800545,0.4612963227929604,0.4066894753632949,0.5264002310894805,0.4110310421286031,0.3323285678129466,0.48842592592592593,0.2752703599235741,0.2567183327173628,0.29708589845214745,0.26404646291539596,0.2500207705467407,0.27912412625659966,-0.16119050064931326,-0.6312920744829364,0.21819793646966118,-0.33608076288502364,-1.3504816642148059,0.49572566482841973,3.29116788357703e-06,-0.48800079200083546,0.4931333007990981,0.0975452581127982,-0.23445416988320722,0.44127157820262686,0.14580293356387078,0.08687358340572823,0.2027920547729683,0.18525285503213104,0.11377987406189372,0.254919320536683
hyperaktiv,xgboost,all_features,28,subject_wise,none,502.0,0.0,0.5039840637450199,0.0,0.4661354581673307,0.02593469435516243,0.46601266726987,0.026051247076187212,0.46572957659513337,0.026420634843278053,-0.0681151424102511,0.05229131929661394,0.45713605409781416,0.037146029108787386,0.4724285570861233,0.025163301732229575,0.3256936277623064,0.017116384207710316,-0.12160901915137498,0.10041108352290923,-0.01912217079228904,0.04605173095318973,0.23937261276303298,0.02965528040982601,85.0,0.0,0.5294117647058824,0.0,0.4658823529411765,0.04601789933084224,0.46277777777777773,0.047124081023885024,0.4617093110570806,0.04834311833111181,-0.07529114902614044,0.0952180631790575,0.4481111111111112,0.06086009051327438,0.5064714340550461,0.053386848703551225,0.28782256271263623,0.0164608177879434,-0.3189431345854071,0.3494806944744908,0.0848188482945614,0.03275084444228539,0.17006012229358453,0.03548086467188697,85.0,0.0,0.45171992317094467,0.37769594171083326,0.5475857548017862,0.4444444444444444,0.3556473364706911,0.542298815903034,0.46613545816733065,0.40499928508426475,0.5312720371488295,0.5176470588235295,0.4339622641509434,0.592328834099955,0.4655925767036878,0.40673494289784157,0.531465242219217,0.5152316038391989,0.43214285714285716,0.5906376230512019,0.31070195992568295,0.275752943005543,0.338916182889494,0.2825144739076596,0.25880822576685314,0.30309464628682753,-0.18000026985931306,-0.4411778101935073,0.1534575246373164,-0.41927810552103917,-1.011369515325279,0.15752263672407762,-0.017327339248223085,-0.5728725212592554,0.5480436018928104,0.08293088648751569,-0.2830165650567507,0.4513777564253901,0.20690802003876618,0.13556217160393,0.2624557176777163,0.16537460930207198,0.07917918369433866,0.2152650225072293
hyperaktiv,xgboost,drop_distributional,16,subject_wise,none,502.0,0.0,0.5039840637450199,0.0,0.45816733067729076,0.011001355594808039,0.45794879121228,0.011056505650986759,0.4574240889539315,0.011408439952360535,-0.08431266738709343,0.022299506157052812,0.4584821499436481,0.028667627492849033,0.4813486751022088,0.020841809597850463,0.3194508384223768,0.010729288679220217,-0.11880642197697407,0.08444953480525573,-0.03243278764298991,0.04203191563974271,0.23832850768434927,0.010358905658512465,85.0,0.0,0.5294117647058824,0.0,0.491764705882353,0.03937223654278002,0.4883333333333333,0.03921736277734489,0.4874867547770709,0.03973087908486528,-0.023532566062250206,0.07899713914072441,0.4477777777777778,0.04551319168421343,0.5035636795329252,0.03406270661025441,0.28175285388720217,0.010725969212844627,-0.3835981306111047,0.34334703143492057,0.07159507088940789,0.031563450008701935,0.14591062507208657,0.03405633143115974,85.0,0.0,0.453069193771132,0.382759065512842,0.5346321124887644,0.4505555555555555,0.3581370947633831,0.5506781289892215,0.4601593625498008,0.4022013376341792,0.5215639728457802,0.47058823529411764,0.39622641509433965,0.5471698113207547,0.4588171645205049,0.4043635969105671,0.5204327385486326,0.4679371261649743,0.3952409438270318,0.5537331369121623,0.3067531537633896,0.2800076577047035,0.33639767597248876,0.27764417294177074,0.25544224445988545,0.2967985407154037,-0.1662433526850279,-0.44224292381605346,0.11785984329817564,-0.47415910315301235,-1.11314030279416,0.23248039795930245,-0.030464920563950393,-0.6012094818406382,0.5358238681625551,0.07039398802261003,-0.3031342105908493,0.44247848733392614,0.20679970983549417,0.14009793221595057,0.2613142662267904,0.13083233377512768,0.0639198342091524,0.18794984120285413
hyperaktiv,xgboost,only_distributional,12,subject_wise,none,502.0,0.0,0.5039840637450199,0.0,0.5115537848605578,0.022333866801870834,0.5114783243646523,0.02247389145663815,0.5112941857704716,0.022724687165822804,0.022930756632516203,0.04499807737238096,0.5126609203612871,0.030735626399559828,0.5083073458184467,0.019784198023150113,0.2990716825601056,0.012644683012374302,0.031137357288421947,0.09435753949294493,0.011876105172998454,0.0570082468015231,0.1865943656826162,0.02171260717487402,85.0,0.0,0.5294117647058824,0.0,0.5058823529411764,0.03901911518065177,0.5025,0.040533193987333564,0.5015853467572697,0.041511136967171014,0.004644691683718473,0.08159316795200292,0.5214444444444444,0.054919413464717924,0.5841167769984923,0.036822356418394875,0.26283412150205127,0.012943985637920857,0.20255896752071417,0.28365224550119583,0.10206165031416126,0.047216928131396774,0.1421853967098629,0.024303538714427194,85.0,0.0,0.5165484070670032,0.4416136781306915,0.594235828504494,0.5361111111111111,0.4484633525163882,0.6394679747738368,0.5179282868525896,0.4637347982389594,0.5802616898128596,0.5294117647058824,0.45454545454545453,0.6037735849056604,0.5171618893181349,0.4636637899752677,0.5846407808785871,0.5240761478163494,0.4514667251484533,0.6020888367123767,0.28717934903990855,0.2582519676621103,0.31429674278167485,0.2586960605085341,0.23747045663091534,0.2765883455121729,0.03288651039759537,-0.23548104576035703,0.33673600404755333,0.22689605117953165,-0.2975243093551252,0.9089762482867437,0.010982632105842544,-0.5261981436603522,0.555828508930404,0.10028902943364573,-0.23527505349055902,0.44510443167726343,0.15506087796413803,0.09781569557649054,0.196067656187993,0.0769324616474264,0.040710933507935074,0.09753593422568362
hyperaktiv,xgboost,drop_day_night,24,subject_wise,none,502.0,0.0,0.5039840637450199,0.0,0.47848605577689246,0.026329507484899723,0.4784497674492436,0.02646821938020989,0.4781814456207549,0.026767366967647057,-0.043197143516189446,0.0530959702068197,0.472063749067416,0.03179935610451935,0.482287835113086,0.018855174691860724,0.3185015686781957,0.014589022325530396,-0.07781145736454177,0.08058292413194083,0.0036304151868298217,0.05658895370002351,0.22898754014288522,0.024145536314107693,85.0,0.0,0.5294117647058824,0.0,0.4894117647058823,0.03489975758633253,0.48638888888888887,0.0368697030093816,0.48494281921974886,0.03822488109518828,-0.027921337451835965,0.07443515450460125,0.47122222222222215,0.05562967278195297,0.5257093186333137,0.04526489141600676,0.2797842897909891,0.01402029568894528,-0.2011329061028003,0.3047496017368439,0.10452444526846497,0.04292538584756521,0.1523347902648589,0.03457611750309403,85.0,0.0,0.46714922932838077,0.3980893513950406,0.5618316008548586,0.4766666666666667,0.3806547856140849,0.5719315435639362,0.47410358565737054,0.41942910240901704,0.5326448949628199,0.49411764705882355,0.42592592592592593,0.5839198786286285,0.4736942432329394,0.4209149200619516,0.5315812765738457,0.4870175438596491,0.4116811039200743,0.57125714322859,0.3042781047372488,0.26985689982734445,0.332173415253294,0.2751630172929701,0.2531870266845579,0.29532277829450837,-0.11185274423864532,-0.3800174122773699,0.21387383112645883,-0.25295799397026325,-0.8793815634496169,0.3864834447568548,0.003780275964438979,-0.5407144328884835,0.5807434807848405,0.10248517114669599,-0.25335701484180145,0.45415403371068686,0.19776416682745832,0.1294728758910597,0.24603235884526617,0.12830832863555233,0.040711464085783876,0.1650232161920924
hyperaktiv,xgboost,only_day_night,4,subject_wise,none,502.0,0.0,0.5039840637450199,0.0,0.48725099601593624,0.028051600160262608,0.4869168373097132,0.028125990222333395,0.48594743015934627,0.028639006293282733,-0.026353701995752654,0.05672137465962094,0.4916932552343763,0.02899563174488398,0.5176412074203391,0.018931835963108372,0.29868120483527155,0.010577744184513372,-0.04798804090839107,0.0912999333783996,-0.06209554708535657,0.0482648783221557,0.19295691184298805,0.028054812304747188,85.0,0.0,0.5294117647058824,0.0,0.5152941176470588,0.03156801850587937,0.5113888888888889,0.0312638858038401,0.5103649771431977,0.03149961691393803,0.023034926048225553,0.06331911090082773,0.4931111111111111,0.06433731517134354,0.5404669363109976,0.03819695878007789,0.2700645266716641,0.009671282572660632,-0.19661940935404384,0.3236698256672822,0.05060814387214875,0.04005838735746881,0.11413078770918006,0.027658562706431758,85.0,0.0,0.49299172976490946,0.42443288639671733,0.5725188886587829,0.5038888888888889,0.40145577679691963,0.5893415208446158,0.5,0.44289360729600935,0.559197545935794,0.5529411764705883,0.4642834901011157,0.6296296296296297,0.4992827140035685,0.44545672759851873,0.5612699957626749,0.5498885172798216,0.462794425928219,0.6285302434101685,0.2883874627966243,0.2637949254303158,0.31359094768090595,0.2668475309351915,0.24869607294946985,0.2869114174519711,-0.07255647314085036,-0.349089850001149,0.25884107304689674,-0.22643659969316166,-0.9397077680865993,0.5087471072472404,-0.05913938253223015,-0.5963145898521485,0.45072235788099396,0.049799046355252626,-0.30809019485187183,0.402780554704897,0.15435575756181283,0.09302297133819812,0.19591540684872472,0.14531731202321893,0.08329810091645279,0.2043466575378205
hyperaktiv,xgboost,drop_circadian,22,subject_wise,none,502.0,0.0,0.5039840637450199,0.0,0.4760956175298805,0.022493206754255413,0.47590043970347795,0.02257087680675572,0.47552630906626403,0.02291148890238922,-0.04832783706109191,0.04530489522652734,0.4622728066415861,0.03378135071671595,0.47211982829667737,0.02329977502759539,0.31998884980680486,0.015955833952518737,-0.10953739504876385,0.0996422028723757,-0.02365614834235317,0.046457975750650235,0.2246074203275649,0.024288153392395675,85.0,0.0,0.5294117647058824,0.0,0.48235294117647054,0.03901911518065175,0.4805555555555555,0.03918537772129415,0.4802639986475574,0.03914148194859172,-0.03893490216045803,0.07833113042108866,0.4536666666666667,0.051396545976082945,0.4962241516471792,0.04032641652656697,0.2861210482347286,0.015523491762464425,-0.31020729157746707,0.3217032567323706,0.086845318690004,0.03433395688119227,0.16765216027989108,0.02259758994753986,85.0,0.0,0.45418035779481564,0.37308227456465515,0.5401046507859326,0.44500000000000006,0.3510229613900282,0.53714472373833,0.4581673306772908,0.39719382358274624,0.5237179740294301,0.49411764705882355,0.42,0.5750019621910888,0.4559566499322655,0.3962990230230992,0.5203262278804567,0.489596425080296,0.4161547103894071,0.5689615113064226,0.3061541725171462,0.27633260230212586,0.33507827033425086,0.2813071037876552,0.2598435431276221,0.30285397397758335,-0.1625351291413754,-0.45401650393186616,0.13930967329589297,-0.41633306525805236,-1.0442819471270213,0.1876662635626574,-0.022110395516590126,-0.5729121954573448,0.5263501297242635,0.08509721640152403,-0.27630484084539725,0.44937150346015936,0.2103938348480014,0.14136778335833297,0.26373107389528766,0.16990901582381307,0.0936802249158084,0.2359380155093302
hyperaktiv,xgboost,only_circadian,6,subject_wise,none,502.0,0.0,0.5039840637450199,0.0,0.47410358565737054,0.029946805534607386,0.4740828928361668,0.029805143139600837,0.4739295695585035,0.029967282099594542,-0.0518781636199845,0.059689822745030874,0.4631395145800593,0.029789975102528107,0.491968191104103,0.02616657484504764,0.3049437545927226,0.008966790123842935,-0.14938310734060362,0.10542196405073537,0.020094791471873163,0.02897039043990273,0.20141326664423803,0.023469966853596497,85.0,0.0,0.5294117647058824,0.0,0.47529411764705876,0.051684429732914816,0.4736111111111111,0.05171629933864131,0.47327530799315226,0.051917416533654434,-0.052879542505220645,0.10348642538245195,0.4514444444444444,0.06488546414097784,0.532714501249474,0.054607206913331166,0.269290570579136,0.009674546934495954,-0.48910718623489596,0.5674606353713891,0.10710746868409937,0.030021994542318114,0.12606510835535387,0.01998795921080807,85.0,0.0,0.4592282172166928,0.39848416806536985,0.5237152535832439,0.46055555555555555,0.37167327199360706,0.5673652700055823,0.4760956175298805,0.42446741010563455,0.5268736060587847,0.4823529411764706,0.4107142857142857,0.5682286794553776,0.47604363855718135,0.42770343245021136,0.5270154240590411,0.47881828316610925,0.40646496095656165,0.5656813807454077,0.2952983309405447,0.2761194954656585,0.3181618697862258,0.2668323534190633,0.25095856804974803,0.2808341918556623,-0.1987300523399035,-0.46424776570433596,0.07109288768380083,-0.5653638473746708,-1.5503330191484186,0.4218963594752273,0.019326909020286474,-0.5390499431186836,0.523164008583012,0.10614312677639605,-0.2460908107508519,0.442496655451147,0.17117977844350843,0.1120496973023079,0.21654126029176604,0.10408136739450347,0.050551611662580063,0.1297461612367026
hyperaktiv,xgboost,drop_temporal_spectral,22,subject_wise,none,502.0,0.0,0.5039840637450199,0.0,0.47768924302788845,0.00776636999586371,0.47755766147594325,0.007753118040116796,0.4772959354337022,0.007725679613727514,-0.04493608099879014,0.015505546612566692,0.47124783719859675,0.02441704326524446,0.4881213361875605,0.01984014662228098,0.3174978988298217,0.009171414411575752,-0.09893750686742361,0.07378762383874037,-0.0067555363963906654,0.03459481418396166,0.2244686709716916,0.007523453703284527,85.0,0.0,0.5294117647058824,0.0,0.47058823529411764,0.04401949866792871,0.4688888888888889,0.04485057495812152,0.4684582150008894,0.045170754878547104,-0.06246669175164574,0.08993205790386283,0.4718888888888889,0.041198480734303974,0.5468789701644998,0.040106989413063246,0.2794629063738269,0.009870064857094232,-0.16130052471375617,0.22803834694269298,0.08350463102595014,0.026697624110658714,0.17294359168585607,0.028464340419937124,85.0,0.0,0.47072082797593534,0.40083268648389164,0.5649054318045827,0.4672222222222222,0.3798559644619633,0.5682392305232742,0.4760956175298805,0.41928817501043003,0.5504299785131344,0.47058823529411764,0.38545373550851686,0.5428221079180625,0.4756274351713209,0.41973243433795093,0.5444391997177007,0.4679371261649743,0.38591489779530475,0.542069779648131,0.30373009523773076,0.27140906348205257,0.3313435821700945,0.2746962577131123,0.2510605449436488,0.2938959939209247,-0.1410284398453536,-0.403908812839328,0.20090937835165257,-0.21322035506385267,-0.7713964796414788,0.4600529868975883,-0.006255293833459903,-0.555127464587704,0.5611618014433385,0.08177200468912964,-0.2873121286244205,0.43533293270328366,0.19453765113515212,0.1171020927228818,0.2518214922614943,0.14166599652346443,0.08492163507195047,0.17209317192102394
hyperaktiv,xgboost,only_temporal_spectral,6,subject_wise,none,502.0,0.0,0.5039840637450199,0.0,0.47888446215139435,0.0222983032971406,0.47872438370081116,0.022414815858084428,0.47842043132752343,0.022630326336602644,-0.0426447326052358,0.044911637621808276,0.47523532866644447,0.01638473870613134,0.5034631902286262,0.014732690225827584,0.30162741903318036,0.0046616573724791366,-0.06202052385270459,0.05042648115370821,-0.030766977042659654,0.0474099686367695,0.19654556846773005,0.01903636828288348,85.0,0.0,0.5294117647058824,0.0,0.4964705882352941,0.028087850320737212,0.4916666666666666,0.029133579115837534,0.48870119184964567,0.03072520582406162,-0.017311826856688518,0.05890251544040643,0.4573333333333333,0.031975588682695705,0.5261153084134722,0.033152827582518196,0.2709559305253196,0.00448656738425211,-0.40736361936789844,0.3269158776644093,0.08176928359496925,0.03655679054985656,0.10402557548354655,0.01956609521625072,85.0,0.0,0.4697525278981539,0.40710632327236274,0.5377929254245332,0.46,0.375995343862758,0.5646494597870971,0.4760956175298805,0.4252063151595228,0.530628146104267,0.49411764705882355,0.411890536757573,0.5817478580832496,0.4757440387555344,0.42369122257711034,0.5294795207708094,0.489596425080296,0.4063318276954646,0.577800708339068,0.2917281847619003,0.26999264631808484,0.3148074623314962,0.2682275092743527,0.2510696409903625,0.2826560178069762,-0.086319745172214,-0.3609308706506004,0.20592554334919225,-0.4941538489151559,-1.2726798363733622,0.4113410117706082,-0.029405964738823846,-0.6041468566950073,0.4696957078761332,0.08072724316539832,-0.2830941772179719,0.4285953987930348,0.17360977981373132,0.11701575161307702,0.21652560324621803,0.0893442087313708,0.04507340770888791,0.12360908199593115
hyperaktiv,xgboost,all_features+smote_in_fold,28,subject_wise,smote,502.0,0.0,0.5039840637450199,0.0,0.47729083665338645,0.03058920452287584,0.47720685111989464,0.030677502607563273,0.47706573175703504,0.030837515979393486,-0.04564823061027789,0.06144018818070826,0.45958696445862507,0.03304033716306831,0.47581942771896724,0.021678886800145555,0.32479467450360044,0.016141411282641495,-0.11751972267372468,0.0880571682669599,-0.008179980161581762,0.04408118523485643,0.23195294625537682,0.03000982053470517,85.0,0.0,0.5294117647058824,0.0,0.4635294117647059,0.03587753101641625,0.4600000000000001,0.03652804182414071,0.4591078511001461,0.037254019850062055,-0.080657855067682,0.07370745794142662,0.4536666666666667,0.04889299225203979,0.5102573241634938,0.04171184845753477,0.28646297967554457,0.014792451987893217,-0.289456565563921,0.3053771658979638,0.09260795034031147,0.03505319365095037,0.16758414394715254,0.0363908129824866,85.0,0.0,0.4543232217407178,0.3787543351471482,0.5432139016138443,0.4533333333333333,0.36183543637421,0.5482156079294495,0.4641434262948207,0.4024144869215292,0.5335104404144387,0.49411764705882355,0.41629283463710903,0.5769230769230769,0.46388601056839884,0.40604148827576747,0.5355098994565274,0.4915843650020865,0.4144736727164791,0.57550547149708,0.30978764646002455,0.27619462833853897,0.33779107666518554,0.28115492793698765,0.25774608778914904,0.3016493473704143,-0.17660356103361566,-0.42619489078508993,0.15892846558724066,-0.39677790381175054,-0.9822894155592266,0.19580233868632724,-0.007046976869354477,-0.554362172958891,0.5570969571746266,0.09068276229950986,-0.2738649564000435,0.4591675682523568,0.2076808443864384,0.13274758322992383,0.26148806161614263,0.12871548936647528,0.07070712484474204,0.165885607009305
hyperaktiv,xgboost,all_features+loso,28,loso,none,502.0,0.0,0.5039840637450199,0.0,0.42231075697211157,0.0,0.4220518437385907,0.0,0.421567069294342,0.0,-0.15620905859213016,0.0,0.42371858977411625,0.0,0.4533051600232702,0.0,0.33352814454540414,0.0,-0.24719559285834294,0.0,-0.028448405889059548,0.0,0.275371373786899,0.0,85.0,0.0,0.5294117647058824,0.0,0.49411764705882355,0.0,0.4930555555555555,0.0,0.49299486752670274,0.0,-0.01387348246275056,0.0,0.3994444444444445,0.0,0.478169047136568,0.0,0.2975380275403004,0.0,-0.6099891424568064,0.0,0.07671044969826013,0.0,0.24339102717006905,0.0,85.0,0.0,0.42371858977411625,0.3435956802872791,0.5029861703924742,0.3994444444444445,0.3100082288522504,0.49073791875492345,0.42231075697211157,0.36643785227310943,0.4823556373475049,0.49411764705882355,0.41546647551892335,0.5714285714285714,0.421567069294342,0.3694549086719512,0.4851163935555233,0.49299486752670274,0.41635579238376746,0.5708831246315507,0.33352814454540414,0.2997187407429415,0.36223496370452085,0.2975380275403004,0.2731421438080431,0.31824115127300345,-0.24719559285834294,-0.5168551735638394,0.009622490059711178,-0.6099891424568064,-1.1830647904914682,-0.09298661657832648,-0.028448405889059263,-0.6100568634423749,0.5846302029390609,0.07671044969826013,-0.309152551274034,0.4611612834898974,0.275371373786899,0.21390943852121963,0.33079233834472493,0.24339102717006905,0.1659437015453449,0.30503760165973676
